company_name,show_name,booth_no,show_type,product_name,company_url,country,country_code,country_code_lower,flag_url,region
Alembic Pharmaceuticals Limited,Ingredients,3D-35,Ingredients,not provided,detail.php?exid=CF25104372&sidSuffix=s20260203221243470&previous=,INDIA,IN,in,https://flagcdn.com/w40/in.png,Asia
Alivus Lifesciences Limited,Outsourcing,1B-34,Outsourcing,not provided,detail.php?exid=CF23104018&sidSuffix=s20260203221243470&previous=,INDIA,IN,in,https://flagcdn.com/w40/in.png,Asia
ALKALI METALS LTD,Ingredients,1G-34,Ingredients,not provided,detail.php?exid=CF23157263&sidSuffix=s20260203221243470&previous=,INDIA,IN,in,https://flagcdn.com/w40/in.png,Asia
ALKALI METALS LTD,Ingredients,1G-34,Ingredients,not provided,detail.php?exid=CF23157263&sidSuffix=s20260203221243470&previous=,INDIA,IN,in,https://flagcdn.com/w40/in.png,Asia
Alkem Activa,Ingredients,2C-30,Ingredients,3 cef novo 1.5 injection,detail.php?exid=CF24135042&sidSuffix=s20260203221243470&previous=,INDIA,IN,in,https://flagcdn.com/w40/in.png,Asia
Alkem Activa,Ingredients,2C-30,Ingredients,3 cef novo 1.5 injection,detail.php?exid=CF24135042&sidSuffix=s20260203221243470&previous=,INDIA,IN,in,https://flagcdn.com/w40/in.png,Asia
Alkem Activa,Ingredients,2C-30,Ingredients,3 cef novo 1.5 injection,detail.php?exid=CF24135042&sidSuffix=s20260203221243470&previous=,INDIA,IN,in,https://flagcdn.com/w40/in.png,Asia
Alkem Activa,Ingredients,2C-30,Ingredients,3 cef novo 375 injection,detail.php?exid=CF24135042&sidSuffix=s20260203221243470&previous=,INDIA,IN,in,https://flagcdn.com/w40/in.png,Asia
Alkem Activa,Ingredients,2C-30,Ingredients,3 cef novo 375 injection,detail.php?exid=CF24135042&sidSuffix=s20260203221243470&previous=,INDIA,IN,in,https://flagcdn.com/w40/in.png,Asia
Alkem Activa,Ingredients,2C-30,Ingredients,3 cef novo 375 injection,detail.php?exid=CF24135042&sidSuffix=s20260203221243470&previous=,INDIA,IN,in,https://flagcdn.com/w40/in.png,Asia
Alkem Activa,Ingredients,2C-30,Ingredients,3 cef novo 750 injection,detail.php?exid=CF24135042&sidSuffix=s20260203221243470&previous=,INDIA,IN,in,https://flagcdn.com/w40/in.png,Asia
Alkem Activa,Ingredients,2C-30,Ingredients,3 cef novo 750 injection,detail.php?exid=CF24135042&sidSuffix=s20260203221243470&previous=,INDIA,IN,in,https://flagcdn.com/w40/in.png,Asia
Alkem Activa,Ingredients,2C-30,Ingredients,3 cef novo 750 injection,detail.php?exid=CF24135042&sidSuffix=s20260203221243470&previous=,INDIA,IN,in,https://flagcdn.com/w40/in.png,Asia
Alkem Activa,Ingredients,2C-30,Ingredients,A to Z gold ns soft gelatin caps (15s),detail.php?exid=CF24135042&sidSuffix=s20260203221243470&previous=,INDIA,IN,in,https://flagcdn.com/w40/in.png,Asia
Alkem Activa,Ingredients,2C-30,Ingredients,A to Z gold ns soft gelatin caps (15s),detail.php?exid=CF24135042&sidSuffix=s20260203221243470&previous=,INDIA,IN,in,https://flagcdn.com/w40/in.png,Asia
Alkem Activa,Ingredients,2C-30,Ingredients,A to Z gold ns soft gelatin caps (15s),detail.php?exid=CF24135042&sidSuffix=s20260203221243470&previous=,INDIA,IN,in,https://flagcdn.com/w40/in.png,Asia
Alkem Activa,Ingredients,2C-30,Ingredients,A to Z ns drops 15ml,detail.php?exid=CF24135042&sidSuffix=s20260203221243470&previous=,INDIA,IN,in,https://flagcdn.com/w40/in.png,Asia
Alkem Activa,Ingredients,2C-30,Ingredients,A to Z ns drops 15ml,detail.php?exid=CF24135042&sidSuffix=s20260203221243470&previous=,INDIA,IN,in,https://flagcdn.com/w40/in.png,Asia
Alkem Activa,Ingredients,2C-30,Ingredients,A to Z ns drops 15ml,detail.php?exid=CF24135042&sidSuffix=s20260203221243470&previous=,INDIA,IN,in,https://flagcdn.com/w40/in.png,Asia
Almac,Outsourcing,1E-10,Outsourcing,not provided,detail.php?exid=C14016659&sidSuffix=s20260203221243470&previous=,UNITED KINGDOM,GB,gb,https://flagcdn.com/w40/gb.png,Europe
Almac,Outsourcing,1E-10,Outsourcing,not provided,detail.php?exid=C14016659&sidSuffix=s20260203221243470&previous=,UNITED KINGDOM,GB,gb,https://flagcdn.com/w40/gb.png,Europe
Almelo Private Limited,Ingredients,2A-45,Ingredients,not provided,detail.php?exid=CF26167831&sidSuffix=s20260203221243470&previous=,INDIA,IN,in,https://flagcdn.com/w40/in.png,Asia
"Alps Pharmaceutical Ind. Co., Ltd.",Ingredients,2H-25,Ingredients,Gomiren Alice Tang extract,detail.php?exid=C14016191&sidSuffix=s20260203221243470&previous=,JAPAN,JP,jp,https://flagcdn.com/w40/jp.png,Asia
"Alps Pharmaceutical Ind. Co., Ltd.",Ingredients,2H-25,Ingredients,Kinikawamogusayu extract,detail.php?exid=C14016191&sidSuffix=s20260203221243470&previous=,JAPAN,JP,jp,https://flagcdn.com/w40/jp.png,Asia
"Alps Pharmaceutical Ind. Co., Ltd.",Ingredients,2H-25,Ingredients,Keishi hoelen Maru-ryo addition yi hot water,detail.php?exid=C14016191&sidSuffix=s20260203221243470&previous=,JAPAN,JP,jp,https://flagcdn.com/w40/jp.png,Asia
"Alps Pharmaceutical Ind. Co., Ltd.",Ingredients,2H-25,Ingredients,Angelica peony extract Chi-ryo,detail.php?exid=C14016191&sidSuffix=s20260203221243470&previous=,JAPAN,JP,jp,https://flagcdn.com/w40/jp.png,Asia
"Alps Pharmaceutical Ind. Co., Ltd.",Ingredients,2H-25,Ingredients,Yi hot water extract,detail.php?exid=C14016191&sidSuffix=s20260203221243470&previous=,JAPAN,JP,jp,https://flagcdn.com/w40/jp.png,Asia
Amar Impex,Ingredients,2C-34,Ingredients,not provided,detail.php?exid=C18177254&sidSuffix=s20260203221243470&previous=,INDIA,IN,in,https://flagcdn.com/w40/in.png,Asia
Amar Impex,Ingredients,2C-34,Ingredients,not provided,detail.php?exid=C18177254&sidSuffix=s20260203221243470&previous=,INDIA,IN,in,https://flagcdn.com/w40/in.png,Asia
Amar Impex,Ingredients,2C-34,Ingredients,not provided,detail.php?exid=C18177254&sidSuffix=s20260203221243470&previous=,INDIA,IN,in,https://flagcdn.com/w40/in.png,Asia
"Amatek Chemical Co., Ltd.",Ingredients,3C-46,Ingredients,not provided,detail.php?exid=CF25109642&sidSuffix=s20260203221243470&previous=,CHINA,CN,cn,https://flagcdn.com/w40/cn.png,Asia
"Amatek Chemical Co., Ltd.",Ingredients,3C-46,Ingredients,not provided,detail.php?exid=CF25109642&sidSuffix=s20260203221243470&previous=,CHINA,CN,cn,https://flagcdn.com/w40/cn.png,Asia
Ami Lifesciences Pvt Ltd,Ingredients,0.0002,Ingredients,not provided,detail.php?exid=C18110690&sidSuffix=s20260203221243470&previous=,INDIA,IN,in,https://flagcdn.com/w40/in.png,Asia
AMSA,Ingredients,IT-16,Ingredients,not provided,detail.php?exid=CF24110407&sidSuffix=s20260203221243470&previous=,ITALY,IT,it,https://flagcdn.com/w40/it.png,Europe
"Anhui Chuangyu New Material Technology.,Ltd",Ingredients,1H-41,Ingredients,not provided,detail.php?exid=CF26108909&sidSuffix=s20260203221243470&previous=,CHINA,CN,cn,https://flagcdn.com/w40/cn.png,Asia
"Anhui Guangxin Agrochemical Co., Ltd.",Ingredients,3B-30,Ingredients,not provided,detail.php?exid=CF26199985&sidSuffix=s20260203221243470&previous=,CHINA,CN,cn,https://flagcdn.com/w40/cn.png,Asia
"Anhui Heryi Pharmaceutical Co.,Ltd",Ingredients,3C-36,Ingredients,not provided,detail.php?exid=C17199632&sidSuffix=s20260203221243470&previous=,CHINA,CN,cn,https://flagcdn.com/w40/cn.png,Asia
"Anhui Royal Chemical Co., Ltd.",Ingredients,3A-29,Ingredients,not provided,detail.php?exid=CF25161185&sidSuffix=s20260203221243470&previous=,CHINA,CN,cn,https://flagcdn.com/w40/cn.png,Asia
Anshul Specialty Molecules Pvt Ltd,Outsourcing,1A-06,Outsourcing,not provided,detail.php?exid=CF26153121&sidSuffix=s20260203221243470&previous=,INDIA,IN,in,https://flagcdn.com/w40/in.png,Asia
ANUH PHARMA LTD.,Ingredients,2F-45,Ingredients,not provided,detail.php?exid=CF24115421&sidSuffix=s20260203221243470&previous=,INDIA,IN,in,https://flagcdn.com/w40/in.png,Asia
ANUH PHARMA LTD.,Ingredients,2F-45,Ingredients,not provided,detail.php?exid=CF24115421&sidSuffix=s20260203221243470&previous=,INDIA,IN,in,https://flagcdn.com/w40/in.png,Asia
ANUPAM RASAYAN INDIA LIMTED,Ingredients,2H-04,Ingredients,not provided,detail.php?exid=C14016852&sidSuffix=s20260203221243470&previous=,INDIA,IN,in,https://flagcdn.com/w40/in.png,Asia
"Anxo Pharmaceutical Co., Ltd.",Ingredients,1E-36,Ingredients,not provided,detail.php?exid=C20131060&sidSuffix=s20260203221243470&previous=,CHINA,CN,cn,https://flagcdn.com/w40/cn.png,Asia
"Anxo Pharmaceutical Co., Ltd.",Ingredients,1E-36,Ingredients,not provided,detail.php?exid=CF25188310&sidSuffix=s20260203221243470&previous=,IRELAND,IE,ie,https://flagcdn.com/w40/ie.png,Europe
"Anxo Pharmaceutical Co., Ltd.",Ingredients,1E-36,Ingredients,not provided,detail.php?exid=C20112335&sidSuffix=s20260203221243470&previous=,JAPAN,JP,jp,https://flagcdn.com/w40/jp.png,Asia
"Anxo Pharmaceutical Co., Ltd.",Ingredients,1E-36,Ingredients,not provided,detail.php?exid=C20112335&sidSuffix=s20260203221243470&previous=,JAPAN,JP,jp,https://flagcdn.com/w40/jp.png,Asia
"Anxo Pharmaceutical Co., Ltd.",Ingredients,1E-36,Ingredients,not provided,detail.php?exid=C20117834&sidSuffix=s20260203221243470&previous=,TAIWAN,TW,tw,https://flagcdn.com/w40/tw.png,Asia
"Apeloa Pharmaceutical Co.,Ltd",Ingredients,2J-08,Ingredients,not provided,detail.php?exid=C14017384&sidSuffix=s20260203221243470&previous=,CHINA,CN,cn,https://flagcdn.com/w40/cn.png,Asia
"API Co.,Ltd.",Ingredients,3B-04,Ingredients,not provided,detail.php?exid=C17100196&sidSuffix=s20260203221243470&previous=,JAPAN,JP,jp,https://flagcdn.com/w40/jp.png,Asia
"AR BROWN Co., Ltd.",Ingredients,3F-42,Ingredients,not provided,detail.php?exid=CF25186200&sidSuffix=s20260203221243470&previous=,JAPAN,JP,jp,https://flagcdn.com/w40/jp.png,Asia
"AR BROWN Co., Ltd.",Ingredients,3F-42,Ingredients,not provided,detail.php?exid=CF25186200&sidSuffix=s20260203221243470&previous=,JAPAN,JP,jp,https://flagcdn.com/w40/jp.png,Asia
ARAGEN LIFE SCIENCES,Ingredients,2C-26,Ingredients,not provided,detail.php?exid=CF26181832&sidSuffix=s20260203221243470&previous=,INDIA,IN,in,https://flagcdn.com/w40/in.png,Asia
Aral Research Private Limited,Outsourcing,3H-24,Outsourcing,not provided,detail.php?exid=CF26152351&sidSuffix=s20260203221243470&previous=,INDIA,IN,in,https://flagcdn.com/w40/in.png,Asia
Ardena Holding NV,Outsourcing,1A-21,Outsourcing,not provided,detail.php?exid=CF26125935&sidSuffix=s20260203221243470&previous=,BELGIUM,BE,be,https://flagcdn.com/w40/be.png,Europe
Arysta Health and Nutrition Science Corporation,Ingredients,1G-32,Ingredients,not provided,detail.php?exid=C14015839&sidSuffix=s20260203221243470&previous=,JAPAN,JP,jp,https://flagcdn.com/w40/jp.png,Asia
"Asahi Chemical Co.,Ltd.",Ingredients,2H-06,Ingredients,not provided,detail.php?exid=CF23155348&sidSuffix=s20260203221243470&previous=,JAPAN,JP,jp,https://flagcdn.com/w40/jp.png,Asia
ASAHI KASEI CORPORATION,Ingredients,1H-34,Ingredients,not provided,detail.php?exid=C19182857&sidSuffix=s20260203221243470&previous=,JAPAN,JP,jp,https://flagcdn.com/w40/jp.png,Asia
"ASAHI TECHNO RESEARCH Co., LTD",Outsourcing,1B-47,Outsourcing,not provided,detail.php?exid=CF26139303&sidSuffix=s20260203221243470&previous=,JAPAN,JP,jp,https://flagcdn.com/w40/jp.png,Asia
"ASAHI TECHNO RESEARCH Co., LTD",Outsourcing,1B-47,Outsourcing,not provided,detail.php?exid=CF26105849&sidSuffix=s20260203221243470&previous=,JAPAN,JP,jp,https://flagcdn.com/w40/jp.png,Asia
"Asambly Chemicals Co., Ltd.",Ingredients,1G-46,Ingredients,not provided,detail.php?exid=C17138426&sidSuffix=s20260203221243470&previous=,CHINA,CN,cn,https://flagcdn.com/w40/cn.png,Asia
Ascensus Specialties,Ingredients,2E-31,Ingredients,not provided,detail.php?exid=CF23198767&sidSuffix=s20260203221243470&previous=,JAPAN,JP,jp,https://flagcdn.com/w40/jp.png,Asia
Ascensus Specialties,Ingredients,2E-31,Ingredients,not provided,detail.php?exid=CF23198767&sidSuffix=s20260203221243470&previous=,JAPAN,JP,jp,https://flagcdn.com/w40/jp.png,Asia
Ascensus Specialties,Ingredients,2E-31,Ingredients,not provided,detail.php?exid=CF23198767&sidSuffix=s20260203221243470&previous=,JAPAN,JP,jp,https://flagcdn.com/w40/jp.png,Asia
ASCHIMFARMA,Ingredients,IT-01,Ingredients,not provided,detail.php?exid=C14016391&sidSuffix=s20260203221243470&previous=,RUSSIAN FEDERATION,RU,ru,https://flagcdn.com/w40/ru.png,Europe
ASCHIMFARMA,Ingredients,IT-01,Ingredients,not provided,detail.php?exid=CF23174605&sidSuffix=s20260203221243470&previous=,JAPAN,JP,jp,https://flagcdn.com/w40/jp.png,Asia
ASCHIMFARMA,Ingredients,IT-01,Ingredients,not provided,detail.php?exid=C14016390&sidSuffix=s20260203221243470&previous=,JAPAN,JP,jp,https://flagcdn.com/w40/jp.png,Asia
Asimov,Bio Pharma,3G-03,Bio Pharma,not provided,detail.php?exid=CF26149874&sidSuffix=s20260203221243470&previous=,USA,US,us,https://flagcdn.com/w40/us.png,North America
AstaTech (Chengdu) BioPharmaceutical Corp.,Ingredients,3C-28,Ingredients,not provided,detail.php?exid=C14018047&sidSuffix=s20260203221243470&previous=,CHINA,CN,cn,https://flagcdn.com/w40/cn.png,Asia
"Asymchem Laboratories (Tianjin) Co., Ltd.",Outsourcing,1C-20,Outsourcing,not provided,detail.php?exid=C14016767&sidSuffix=s20260203221243470&previous=,CHINA,CN,cn,https://flagcdn.com/w40/cn.png,Asia
"Asymchem Laboratories (Tianjin) Co., Ltd.",Outsourcing,1C-20,Outsourcing,not provided,detail.php?exid=C14016767&sidSuffix=s20260203221243470&previous=,CHINA,CN,cn,https://flagcdn.com/w40/cn.png,Asia
"ATTO CO., LTD.",Ingredients,2E-42,Ingredients,not provided,detail.php?exid=C18179236&sidSuffix=s20260203221243470&previous=,JAPAN,JP,jp,https://flagcdn.com/w40/jp.png,Asia
"ATTO CO., LTD.",Ingredients,2E-42,Ingredients,not provided,detail.php?exid=C18179236&sidSuffix=s20260203221243470&previous=,JAPAN,JP,jp,https://flagcdn.com/w40/jp.png,Asia
"ATTO CO., LTD.",Ingredients,2E-42,Ingredients,not provided,detail.php?exid=C18179236&sidSuffix=s20260203221243470&previous=,JAPAN,JP,jp,https://flagcdn.com/w40/jp.png,Asia
Aurigene Pharmaceutical Services Ltd.,Outsourcing,1D-22,Outsourcing,not provided,detail.php?exid=CF21192087&sidSuffix=s20260203221243470&previous=,INDIA,IN,in,https://flagcdn.com/w40/in.png,Asia
Aurigene Pharmaceutical Services Ltd.,Outsourcing,1D-22,Outsourcing,not provided,detail.php?exid=C14018171&sidSuffix=s20260203221243470&previous=,INDIA,IN,in,https://flagcdn.com/w40/in.png,Asia
Aurigene Pharmaceutical Services Ltd.,Outsourcing,1D-22,Outsourcing,not provided,detail.php?exid=C14018171&sidSuffix=s20260203221243470&previous=,INDIA,IN,in,https://flagcdn.com/w40/in.png,Asia
Aurigene Pharmaceutical Services Ltd.,Outsourcing,1D-22,Outsourcing,not provided,detail.php?exid=C14018171&sidSuffix=s20260203221243470&previous=,INDIA,IN,in,https://flagcdn.com/w40/in.png,Asia
"Aurisco Pharmaceutical Co., Ltd",Ingredients,2C-21,Ingredients,not provided,detail.php?exid=C17160350&sidSuffix=s20260203221243470&previous=,CHINA,CN,cn,https://flagcdn.com/w40/cn.png,Asia
"Aurisco Pharmaceutical Co., Ltd",Ingredients,2C-21,Ingredients,not provided,detail.php?exid=C17160350&sidSuffix=s20260203221243470&previous=,CHINA,CN,cn,https://flagcdn.com/w40/cn.png,Asia
Aurobindo Pharma Japan K.K.,Ingredients,2B-04,Ingredients,not provided,not provided,INDIA,IN,in,https://flagcdn.com/w40/in.png,Asia
Aurobindo Pharma Japan K.K.,Ingredients,2B-04,Ingredients,not provided,detail.php?exid=C14018982&sidSuffix=s20260203221243470&previous=,JAPAN,JP,jp,https://flagcdn.com/w40/jp.png,Asia
Aurobindo Pharma Japan K.K.,Ingredients,2B-04,Ingredients,not provided,detail.php?exid=C14018982&sidSuffix=s20260203221243470&previous=,JAPAN,JP,jp,https://flagcdn.com/w40/jp.png,Asia
Aurobindo Pharma Japan K.K.,Ingredients,2B-04,Ingredients,not provided,detail.php?exid=C14018982&sidSuffix=s20260203221243470&previous=,JAPAN,JP,jp,https://flagcdn.com/w40/jp.png,Asia
"Autran Japan Co.,Ltd.",Ingredients,2B-42,Ingredients,not provided,detail.php?exid=C19197688&sidSuffix=s20260203221243470&previous=,JAPAN,JP,jp,https://flagcdn.com/w40/jp.png,Asia
"Avery Chemical (Nantong) Co., Ltd.",Ingredients,2K-38,Ingredients,not provided,detail.php?exid=CF26194322&sidSuffix=s20260203221243470&previous=,CHINA,CN,cn,https://flagcdn.com/w40/cn.png,Asia
"Baishixing Science and Technology Industry Co.,ltd",Bio Pharma,3F-24,Bio Pharma,not provided,detail.php?exid=CF26155329&sidSuffix=s20260203221243470&previous=,CHINA,CN,cn,https://flagcdn.com/w40/cn.png,Asia
"BBchem Co., Ltd.",Outsourcing,1D-31,Outsourcing,not provided,detail.php?exid=C14018902&sidSuffix=s20260203221243470&previous=,CHINA,CN,cn,https://flagcdn.com/w40/cn.png,Asia
"BBchem Co., Ltd.",Outsourcing,1D-31,Outsourcing,not provided,detail.php?exid=C14018902&sidSuffix=s20260203221243470&previous=,CHINA,CN,cn,https://flagcdn.com/w40/cn.png,Asia
"BBchem Co., Ltd.",Outsourcing,1D-31,Outsourcing,not provided,detail.php?exid=C14018902&sidSuffix=s20260203221243470&previous=,CHINA,CN,cn,https://flagcdn.com/w40/cn.png,Asia
BCN PEPTIDES,Ingredients,2D-33,Ingredients,not provided,detail.php?exid=C14018129&sidSuffix=s20260203221243470&previous=,SPAIN,ES,es,https://flagcdn.com/w40/es.png,Europe
BDR Pharmaceuticals Internationals Pvt. Ltd.,Ingredients,3C-42,Ingredients,not provided,detail.php?exid=CF26196067&sidSuffix=s20260203221243470&previous=,INDIA,IN,in,https://flagcdn.com/w40/in.png,Asia
"BEIJING HUIKANG BOYUAN CHEMICAL TECH CO., LTD.",Ingredients,3C-20,Ingredients,not provided,detail.php?exid=C18157511&sidSuffix=s20260203221243470&previous=,CHINA,CN,cn,https://flagcdn.com/w40/cn.png,Asia
"Beijing Lianben Pharm-chemicals Tech. Co.,Ltd.",Ingredients,2J-21,Ingredients,not provided,detail.php?exid=C14018329&sidSuffix=s20260203221243470&previous=,CHINA,CN,cn,https://flagcdn.com/w40/cn.png,Asia
"Beijing Odyssey Chemicals Co.,Ltd.",Outsourcing,1B-03,Outsourcing,not provided,detail.php?exid=C14016374&sidSuffix=s20260203221243470&previous=,CHINA,CN,cn,https://flagcdn.com/w40/cn.png,Asia
"Beijing Tide Pharmaceutical Co., Ltd.",Ingredients,3H-05,Ingredients,not provided,detail.php?exid=CF26165613&sidSuffix=s20260203221243470&previous=,CHINA,CN,cn,https://flagcdn.com/w40/cn.png,Asia
"Benepure Pharmaceutical Co., Ltd.",Ingredients,1B-04,Ingredients,not provided,detail.php?exid=CF24191829&sidSuffix=s20260203221243470&previous=,CHINA,CN,cn,https://flagcdn.com/w40/cn.png,Asia
Bio-Rad Laboratories,Bio Pharma,3F-21,Bio Pharma,not provided,detail.php?exid=C14018835&sidSuffix=s20260203221243470&previous=,USA,US,us,https://flagcdn.com/w40/us.png,North America
BioBridge K.K.,Ingredients,3A-02,Ingredients,not provided,detail.php?exid=C15130829&sidSuffix=s20260203221243470&previous=,JAPAN,JP,jp,https://flagcdn.com/w40/jp.png,Asia
BioBridge K.K.,Ingredients,3A-02,Ingredients,not provided,detail.php?exid=C15130829&sidSuffix=s20260203221243470&previous=,JAPAN,JP,jp,https://flagcdn.com/w40/jp.png,Asia
BioBridge K.K.,Ingredients,3A-02,Ingredients,not provided,detail.php?exid=C15130829&sidSuffix=s20260203221243470&previous=,JAPAN,JP,jp,https://flagcdn.com/w40/jp.png,Asia
Biocon,Bio Pharma,3G-22,Bio Pharma,not provided,detail.php?exid=CF25141216&sidSuffix=s20260203221243470&previous=,INDIA,IN,in,https://flagcdn.com/w40/in.png,Asia
BIOMED INGREDIENTS PVT LTD,Ingredients,2C-22,Ingredients,not provided,detail.php?exid=CF25122248&sidSuffix=s20260203221243470&previous=,INDIA,IN,in,https://flagcdn.com/w40/in.png,Asia
bioMérieux Japan Ltd.,Bio Pharma,3F-30,Bio Pharma,not provided,detail.php?exid=CF26187897&sidSuffix=s20260203221243470&previous=,JAPAN,JP,jp,https://flagcdn.com/w40/jp.png,Asia
"BIZEN CHEMICAL CO., LTD.",Ingredients,3H-08,Ingredients,not provided,detail.php?exid=CF23174315&sidSuffix=s20260203221243470&previous=,JAPAN,JP,jp,https://flagcdn.com/w40/jp.png,Asia
"BIZEN CHEMICAL CO., LTD.",Ingredients,3H-08,Ingredients,not provided,detail.php?exid=CF23174315&sidSuffix=s20260203221243470&previous=,JAPAN,JP,jp,https://flagcdn.com/w40/jp.png,Asia
Bloomage Biotechnology Corporation Limited,Ingredients,2E-36,Ingredients,not provided,detail.php?exid=C14018891&sidSuffix=s20260203221243470&previous=,CHINA,CN,cn,https://flagcdn.com/w40/cn.png,Asia
Bluejet Healthcare,Outsourcing,1A-31,Outsourcing,not provided,detail.php?exid=CF25169433&sidSuffix=s20260203221243470&previous=,INDIA,IN,in,https://flagcdn.com/w40/in.png,Asia
Bora Pharmaceuticals,Outsourcing,1D-47,Outsourcing,"Liquid Contract Manufacturing - solutions,",detail.php?exid=CF26135525&sidSuffix=s20260203221243470&previous=,TAIWAN,TW,tw,https://flagcdn.com/w40/tw.png,Asia
Bora Pharmaceuticals,Outsourcing,1D-47,Outsourcing,"Semi-Solid Contract Manufacturing - Creams,",detail.php?exid=CF26135525&sidSuffix=s20260203221243470&previous=,TAIWAN,TW,tw,https://flagcdn.com/w40/tw.png,Asia
Bora Pharmaceuticals,Outsourcing,1D-47,Outsourcing,Solid Dose Contract Manufacturing,detail.php?exid=CF26135525&sidSuffix=s20260203221243470&previous=,TAIWAN,TW,tw,https://flagcdn.com/w40/tw.png,Asia
"Brother Enterprises Holding Co., Ltd.",Ingredients,1H-46,Ingredients,not provided,detail.php?exid=CF26125498&sidSuffix=s20260203221243470&previous=,CHINA,CN,cn,https://flagcdn.com/w40/cn.png,Asia
BSP Pharmaceuticals spa,Outsourcing,1E-47,Outsourcing,Clinical and Commercial supply services,detail.php?exid=CF26172644&sidSuffix=s20260203221243470&previous=,ITALY,IT,it,https://flagcdn.com/w40/it.png,Europe
BSP Pharmaceuticals spa,Outsourcing,1E-47,Outsourcing,Sterile suites capabilities,detail.php?exid=CF26172644&sidSuffix=s20260203221243470&previous=,ITALY,IT,it,https://flagcdn.com/w40/it.png,Europe
BSP Pharmaceuticals spa,Outsourcing,1E-47,Outsourcing,Oral capabilities,detail.php?exid=CF26172644&sidSuffix=s20260203221243470&previous=,ITALY,IT,it,https://flagcdn.com/w40/it.png,Europe
BSP Pharmaceuticals spa,Outsourcing,1E-47,Outsourcing,ADCs Manufacturing services,detail.php?exid=CF26172644&sidSuffix=s20260203221243470&previous=,ITALY,IT,it,https://flagcdn.com/w40/it.png,Europe
BSP Pharmaceuticals spa,Outsourcing,1E-47,Outsourcing,Quality control laboratories services,detail.php?exid=CF26172644&sidSuffix=s20260203221243470&previous=,ITALY,IT,it,https://flagcdn.com/w40/it.png,Europe
CADILA PHARMACEUTICALS LIMITED,Ingredients,2C-33,Ingredients,not provided,detail.php?exid=C14017426&sidSuffix=s20260203221243470&previous=,INDIA,IN,in,https://flagcdn.com/w40/in.png,Asia
Cambrex,Ingredients,2B-34,Ingredients,not provided,detail.php?exid=CF24127728&sidSuffix=s20260203221243470&previous=,ITALY,IT,it,https://flagcdn.com/w40/it.png,Europe
Cambrex,Ingredients,2B-34,Ingredients,not provided,detail.php?exid=CF24127728&sidSuffix=s20260203221243470&previous=,ITALY,IT,it,https://flagcdn.com/w40/it.png,Europe
"Capot Chemical Co.,Ltd.",Ingredients,2E-46,Ingredients,not provided,detail.php?exid=CF24175887&sidSuffix=s20260203221243470&previous=,CHINA,CN,cn,https://flagcdn.com/w40/cn.png,Asia
Carbogen Amcis,Outsourcing,1C-38,Outsourcing,not provided,detail.php?exid=CF25112975&sidSuffix=s20260203221243470&previous=,JAPAN,JP,jp,https://flagcdn.com/w40/jp.png,Asia
Carbogen Amcis,Outsourcing,1C-38,Outsourcing,not provided,detail.php?exid=CF25112975&sidSuffix=s20260203221243470&previous=,JAPAN,JP,jp,https://flagcdn.com/w40/jp.png,Asia
Carbogen Amcis,Outsourcing,1C-38,Outsourcing,not provided,detail.php?exid=CF24120415&sidSuffix=s20260203221243470&previous=,SWITZERLAND,CH,ch,https://flagcdn.com/w40/ch.png,Europe
Carbogen Amcis,Outsourcing,1C-38,Outsourcing,not provided,detail.php?exid=CF24120415&sidSuffix=s20260203221243470&previous=,SWITZERLAND,CH,ch,https://flagcdn.com/w40/ch.png,Europe
"Careplusone Co.,Ltd.",Ingredients,1H-10,Ingredients,not provided,detail.php?exid=C17146537&sidSuffix=s20260203221243470&previous=,SOUTH KOREA,KR,kr,https://flagcdn.com/w40/kr.png,Asia
CATO Research Chemicals Inc.,Ingredients,2C-45,Ingredients,not provided,detail.php?exid=CF26118045&sidSuffix=s20260203221243470&previous=,CHINA,CN,cn,https://flagcdn.com/w40/cn.png,Asia
"CBC CO., Ltd.",Ingredients,2K-04,Ingredients,not provided,detail.php?exid=C14016224&sidSuffix=s20260203221243470&previous=,JAPAN,JP,jp,https://flagcdn.com/w40/jp.png,Asia
"CBC CO., Ltd.",Ingredients,2K-04,Ingredients,not provided,detail.php?exid=C14016224&sidSuffix=s20260203221243470&previous=,JAPAN,JP,jp,https://flagcdn.com/w40/jp.png,Asia
"CBC CO., Ltd.",Ingredients,2K-04,Ingredients,not provided,detail.php?exid=C14016224&sidSuffix=s20260203221243470&previous=,JAPAN,JP,jp,https://flagcdn.com/w40/jp.png,Asia
CCCMHPIE,Ingredients,1F-47,Ingredients,not provided,detail.php?exid=CF22105766&sidSuffix=s20260203221243470&previous=,CHINA,CN,cn,https://flagcdn.com/w40/cn.png,Asia
"Changzhou Chongkai Chemical Co., Ltd.",Ingredients,3C-33,Ingredients,not provided,detail.php?exid=CF26187640&sidSuffix=s20260203221243470&previous=,CHINA,CN,cn,https://flagcdn.com/w40/cn.png,Asia
"Changzhou Koye Chemical Co.,Ltd",Ingredients,1J-43,Ingredients,not provided,detail.php?exid=F20149650&sidSuffix=s20260203221243470&previous=,CHINA,CN,cn,https://flagcdn.com/w40/cn.png,Asia
"Changzhou Liren Medical Technology Co., Ltd.",Ingredients,3B-27,Ingredients,not provided,detail.php?exid=CF26108851&sidSuffix=s20260203221243470&previous=,CHINA,CN,cn,https://flagcdn.com/w40/cn.png,Asia
"Changzhou Liren Medical Technology Co., Ltd.",Ingredients,3B-27,Ingredients,not provided,detail.php?exid=C17148353&sidSuffix=s20260203221243470&previous=,CHINA,CN,cn,https://flagcdn.com/w40/cn.png,Asia
"Changzhou Sunlight Pharmaceutical Co., Ltd.",Ingredients,3A-17,Ingredients,not provided,detail.php?exid=C14018075&sidSuffix=s20260203221243470&previous=,CHINA,CN,cn,https://flagcdn.com/w40/cn.png,Asia
"Changzhou United Chemical Co., Ltd.",Ingredients,3C-31,Ingredients,not provided,detail.php?exid=CF24147906&sidSuffix=s20260203221243470&previous=,CHINA,CN,cn,https://flagcdn.com/w40/cn.png,Asia
"Changzhou Yinsheng Pharmaceutical Co.,Ltd.",Ingredients,2A-02,Ingredients,not provided,detail.php?exid=CF26133857&sidSuffix=s20260203221243470&previous=,CHINA,CN,cn,https://flagcdn.com/w40/cn.png,Asia
"Changzhou Yinsheng Pharmaceutical Co.,Ltd.",Ingredients,2A-02,Ingredients,not provided,detail.php?exid=CF26182795&sidSuffix=s20260203221243470&previous=,JAPAN,JP,jp,https://flagcdn.com/w40/jp.png,Asia
ChemCon,Bio Pharma,3F-22,Bio Pharma,not provided,detail.php?exid=CF24127250&sidSuffix=s20260203221243470&previous=,GERMANY,DE,de,https://flagcdn.com/w40/de.png,Europe
ChemCon,Bio Pharma,3F-22,Bio Pharma,not provided,detail.php?exid=CF24127250&sidSuffix=s20260203221243470&previous=,GERMANY,DE,de,https://flagcdn.com/w40/de.png,Europe
CHEMELECTIVA srl,Ingredients,IT-07,Ingredients,not provided,detail.php?exid=CF23156919&sidSuffix=s20260203221243470&previous=,ITALY,IT,it,https://flagcdn.com/w40/it.png,Europe
CHEMI SPA,Ingredients,IT-03,Ingredients,not provided,detail.php?exid=CF23128268&sidSuffix=s20260203221243470&previous=,ITALY,IT,it,https://flagcdn.com/w40/it.png,Europe
"Chemicals Evaluation and Research Institute, Japan",Outsourcing,1A-44,Outsourcing,not provided,detail.php?exid=C14017525&sidSuffix=s20260203221243470&previous=,JAPAN,JP,jp,https://flagcdn.com/w40/jp.png,Asia
Chemische Fabrik Berg GmbH,Ingredients,2A-06,Ingredients,Amobarbital Sodium,detail.php?exid=CF25131699&sidSuffix=s20260203221243470&previous=,GERMANY,DE,de,https://flagcdn.com/w40/de.png,Europe
Chemische Fabrik Berg GmbH,Ingredients,2A-06,Ingredients,Amobarbital Sodium,detail.php?exid=CF25131699&sidSuffix=s20260203221243470&previous=,GERMANY,DE,de,https://flagcdn.com/w40/de.png,Europe
Chemische Fabrik Berg GmbH,Ingredients,2A-06,Ingredients,Barbital,detail.php?exid=CF25131699&sidSuffix=s20260203221243470&previous=,GERMANY,DE,de,https://flagcdn.com/w40/de.png,Europe
Chemische Fabrik Berg GmbH,Ingredients,2A-06,Ingredients,Barbital,detail.php?exid=CF25131699&sidSuffix=s20260203221243470&previous=,GERMANY,DE,de,https://flagcdn.com/w40/de.png,Europe
Chemische Fabrik Berg GmbH,Ingredients,2A-06,Ingredients,Barbital Sodium,detail.php?exid=CF25131699&sidSuffix=s20260203221243470&previous=,GERMANY,DE,de,https://flagcdn.com/w40/de.png,Europe
Chemische Fabrik Berg GmbH,Ingredients,2A-06,Ingredients,Barbital Sodium,detail.php?exid=CF25131699&sidSuffix=s20260203221243470&previous=,GERMANY,DE,de,https://flagcdn.com/w40/de.png,Europe
Chemische Fabrik Berg GmbH,Ingredients,2A-06,Ingredients,Butalbital,detail.php?exid=CF25131699&sidSuffix=s20260203221243470&previous=,GERMANY,DE,de,https://flagcdn.com/w40/de.png,Europe
Chemische Fabrik Berg GmbH,Ingredients,2A-06,Ingredients,Butalbital,detail.php?exid=CF25131699&sidSuffix=s20260203221243470&previous=,GERMANY,DE,de,https://flagcdn.com/w40/de.png,Europe
Chemische Fabrik Berg GmbH,Ingredients,2A-06,Ingredients,Cetylpyridinium Bromide,detail.php?exid=CF25131699&sidSuffix=s20260203221243470&previous=,GERMANY,DE,de,https://flagcdn.com/w40/de.png,Europe
Chemische Fabrik Berg GmbH,Ingredients,2A-06,Ingredients,Cetylpyridinium Bromide,detail.php?exid=CF25131699&sidSuffix=s20260203221243470&previous=,GERMANY,DE,de,https://flagcdn.com/w40/de.png,Europe
CHEMPLAST SANMAR LTD,Outsourcing,1D-06,Outsourcing,not provided,detail.php?exid=CF26153997&sidSuffix=s20260203221243470&previous=,INDIA,IN,in,https://flagcdn.com/w40/in.png,Asia
CHEMPRO PHARMA,Outsourcing,1D-08,Outsourcing,not provided,detail.php?exid=CF24170531&sidSuffix=s20260203221243470&previous=,INDIA,IN,in,https://flagcdn.com/w40/in.png,Asia
CHEMPRO PHARMA,Outsourcing,1D-08,Outsourcing,not provided,not provided,INDIA,IN,in,https://flagcdn.com/w40/in.png,Asia
CHEMPRO PHARMA,Outsourcing,1D-08,Outsourcing,not provided,not provided,INDIA,IN,in,https://flagcdn.com/w40/in.png,Asia
"Chemtour Biotech (Suzhou) Co.,Ltd.",Ingredients,1H-42,Ingredients,not provided,detail.php?exid=C19191210&sidSuffix=s20260203221243470&previous=,CHINA,CN,cn,https://flagcdn.com/w40/cn.png,Asia
"Chemvon Biotechnology Co., Ltd.",Ingredients,2C-32,Ingredients,not provided,detail.php?exid=C16125487&sidSuffix=s20260203221243470&previous=,CHINA,CN,cn,https://flagcdn.com/w40/cn.png,Asia
"Chemvon Biotechnology Co., Ltd.",Ingredients,2C-32,Ingredients,not provided,detail.php?exid=C16125487&sidSuffix=s20260203221243470&previous=,CHINA,CN,cn,https://flagcdn.com/w40/cn.png,Asia
"Chemyouth Life Science (Suzhou)Co.,Ltd",Ingredients,1F-48,Ingredients,not provided,detail.php?exid=CF26185245&sidSuffix=s20260203221243470&previous=,CHINA,CN,cn,https://flagcdn.com/w40/cn.png,Asia
"Chengdu Aupone Pharmaceutical Co.,Ltd",Ingredients,1E-46,Ingredients,not provided,detail.php?exid=CF26154962&sidSuffix=s20260203221243470&previous=,CHINA,CN,cn,https://flagcdn.com/w40/cn.png,Asia
CHENGDU BRILLIANT PHARMACEUTICAL GROUP,Ingredients,1G-01,Ingredients,not provided,detail.php?exid=CF24131760&sidSuffix=s20260203221243470&previous=,CHINA,CN,cn,https://flagcdn.com/w40/cn.png,Asia
"Chengdu Pukang Weixin Biotechnology Co., Ltd.",Ingredients,3B-28,Ingredients,not provided,detail.php?exid=CF26168473&sidSuffix=s20260203221243470&previous=,CHINA,CN,cn,https://flagcdn.com/w40/cn.png,Asia
Chengdu Shengnuo Biopharm Co.Ltd,Ingredients,1G-06,Ingredients,not provided,detail.php?exid=C17159688&sidSuffix=s20260203221243470&previous=,CHINA,CN,cn,https://flagcdn.com/w40/cn.png,Asia
Chengdu Shengnuo Biopharm Co.Ltd,Ingredients,1G-06,Ingredients,not provided,detail.php?exid=C17159688&sidSuffix=s20260203221243470&previous=,CHINA,CN,cn,https://flagcdn.com/w40/cn.png,Asia
"Chengdu Tachem Co., LTD",Bio Pharma,3G-09,Bio Pharma,not provided,detail.php?exid=CF26126905&sidSuffix=s20260203221243470&previous=,CHINA,CN,cn,https://flagcdn.com/w40/cn.png,Asia
"Chengdu ZY Biochemical Technology Co.,Ltd.",Bio Pharma,3F-08,Bio Pharma,not provided,detail.php?exid=CF25131935&sidSuffix=s20260203221243470&previous=,CHINA,CN,cn,https://flagcdn.com/w40/cn.png,Asia
Chieron Active Ingredients Pvt. Ltd.,Ingredients,3D-21,Ingredients,not provided,detail.php?exid=C19171085&sidSuffix=s20260203221243470&previous=,INDIA,IN,in,https://flagcdn.com/w40/in.png,Asia
China Zhuhai Jinwan Biopharma,Ingredients,3B-32,Ingredients,not provided,detail.php?exid=CF26120392&sidSuffix=s20260203221243470&previous=,CHINA,CN,cn,https://flagcdn.com/w40/cn.png,Asia
CHIROGATE INTERNATIONAL INC.,Ingredients,1H-07,Ingredients,not provided,detail.php?exid=CF25148522&sidSuffix=s20260203221243470&previous=,TAIWAN,TW,tw,https://flagcdn.com/w40/tw.png,Asia
CHIROGATE INTERNATIONAL INC.,Ingredients,1H-07,Ingredients,not provided,detail.php?exid=CF25148522&sidSuffix=s20260203221243470&previous=,TAIWAN,TW,tw,https://flagcdn.com/w40/tw.png,Asia
"Chiwa Co.,Ltd.",Ingredients,3E-46,Ingredients,not provided,NA,JAPAN,JP,jp,https://flagcdn.com/w40/jp.png,Asia
"Chongqing Ensky Pharmaceutial Co.,Ltd.",Ingredients,1B-06,Ingredients,not provided,detail.php?exid=C16149071&sidSuffix=s20260203221243470&previous=,CHINA,CN,cn,https://flagcdn.com/w40/cn.png,Asia
"Chongqing Shenghuaxi Pharmaceutical Co., Ltd.",Ingredients,3B-20,Ingredients,not provided,detail.php?exid=CF25190706&sidSuffix=s20260203221243470&previous=,CHINA,CN,cn,https://flagcdn.com/w40/cn.png,Asia
"Chongqing Southwest No.2 Pharmaceutical Factory Co., Ltd.",Ingredients,3C-34,Ingredients,not provided,detail.php?exid=CF26176603&sidSuffix=s20260203221243470&previous=,CHINA,CN,cn,https://flagcdn.com/w40/cn.png,Asia
"CHORI CO., LTD",Ingredients,1F-32,Ingredients,not provided,detail.php?exid=C14016309&sidSuffix=s20260203221243470&previous=,JAPAN,JP,jp,https://flagcdn.com/w40/jp.png,Asia
"CHORI CO., LTD",Ingredients,1F-32,Ingredients,not provided,detail.php?exid=C14016309&sidSuffix=s20260203221243470&previous=,JAPAN,JP,jp,https://flagcdn.com/w40/jp.png,Asia
"ChromaJean Co., Ltd.",Bio Pharma,3F-03,Bio Pharma,not provided,detail.php?exid=CF25171883&sidSuffix=s20260203221243470&previous=,JAPAN,JP,jp,https://flagcdn.com/w40/jp.png,Asia
"ChromaJean Co., Ltd.",Bio Pharma,3F-03,Bio Pharma,not provided,detail.php?exid=CF25171883&sidSuffix=s20260203221243470&previous=,JAPAN,JP,jp,https://flagcdn.com/w40/jp.png,Asia
"ChromaJean Co., Ltd.",Bio Pharma,3F-03,Bio Pharma,not provided,detail.php?exid=CF25171883&sidSuffix=s20260203221243470&previous=,JAPAN,JP,jp,https://flagcdn.com/w40/jp.png,Asia
CHUKAN BUTSU LTD.,Ingredients,3A-10,Ingredients,not provided,detail.php?exid=C14013688&sidSuffix=s20260203221243470&previous=,JAPAN,JP,jp,https://flagcdn.com/w40/jp.png,Asia
CHUKAN BUTSU LTD.,Ingredients,3A-10,Ingredients,not provided,detail.php?exid=C14013688&sidSuffix=s20260203221243470&previous=,JAPAN,JP,jp,https://flagcdn.com/w40/jp.png,Asia
CHUKAN BUTSU LTD.,Ingredients,3A-10,Ingredients,not provided,detail.php?exid=C14013688&sidSuffix=s20260203221243470&previous=,JAPAN,JP,jp,https://flagcdn.com/w40/jp.png,Asia
CHUKAN BUTSU LTD.,Ingredients,3A-10,Ingredients,not provided,detail.php?exid=CF23166808&sidSuffix=s20260203221243470&previous=,RUSSIAN FEDERATION,RU,ru,https://flagcdn.com/w40/ru.png,Europe
CHUKAN BUTSU LTD.,Ingredients,3A-10,Ingredients,not provided,detail.php?exid=CF23166808&sidSuffix=s20260203221243470&previous=,RUSSIAN FEDERATION,RU,ru,https://flagcdn.com/w40/ru.png,Europe
CHUKAN BUTSU LTD.,Ingredients,3A-10,Ingredients,not provided,detail.php?exid=CF24122085&sidSuffix=s20260203221243470&previous=,DENMARK,DK,dk,https://flagcdn.com/w40/dk.png,Europe
CHUKAN BUTSU LTD.,Ingredients,3A-10,Ingredients,not provided,detail.php?exid=CF24122085&sidSuffix=s20260203221243470&previous=,DENMARK,DK,dk,https://flagcdn.com/w40/dk.png,Europe
CHUKAN BUTSU LTD.,Ingredients,3A-10,Ingredients,not provided,detail.php?exid=CF24122085&sidSuffix=s20260203221243470&previous=,DENMARK,DK,dk,https://flagcdn.com/w40/dk.png,Europe
CHUKAN BUTSU LTD.,Ingredients,3A-10,Ingredients,not provided,detail.php?exid=CF21165656&sidSuffix=s20260203221243470&previous=,INDIA,IN,in,https://flagcdn.com/w40/in.png,Asia
CHUKAN BUTSU LTD.,Ingredients,3A-10,Ingredients,not provided,detail.php?exid=C14177207&sidSuffix=s20260203221243470&previous=,USA,US,us,https://flagcdn.com/w40/us.png,North America
CM Plus Corporation,Bio Pharma,0.0003,Bio Pharma,not provided,detail.php?exid=C14018993&sidSuffix=s20260203221243470&previous=,JAPAN,JP,jp,https://flagcdn.com/w40/jp.png,Asia
Cohance Lifesciences Limited,Outsourcing,1A-27,Outsourcing,not provided,detail.php?exid=C14019020&sidSuffix=s20260203221243470&previous=,INDIA,IN,in,https://flagcdn.com/w40/in.png,Asia
CONCORD BIOTECH LIMITED,Outsourcing,1D-36,Outsourcing,not provided,detail.php?exid=CF22160311&sidSuffix=s20260203221243470&previous=,INDIA,IN,in,https://flagcdn.com/w40/in.png,Asia
COSTECH Pharma Inc.,Ingredients,2F-47,Ingredients,not provided,detail.php?exid=CF25153478&sidSuffix=s20260203221243470&previous=,JAPAN,JP,jp,https://flagcdn.com/w40/jp.png,Asia
COSTECH Pharma Inc.,Ingredients,2F-47,Ingredients,not provided,detail.php?exid=CF25153478&sidSuffix=s20260203221243470&previous=,JAPAN,JP,jp,https://flagcdn.com/w40/jp.png,Asia
CPA (Chemical Pharmaceutical Association),Ingredients,IT-01,Ingredients,not provided,detail.php?exid=C14016391&sidSuffix=s20260203221243470&previous=,RUSSIAN FEDERATION,RU,ru,https://flagcdn.com/w40/ru.png,Europe
CPA (Chemical Pharmaceutical Association),Ingredients,IT-01,Ingredients,not provided,detail.php?exid=CF23174605&sidSuffix=s20260203221243470&previous=,JAPAN,JP,jp,https://flagcdn.com/w40/jp.png,Asia
CPA (Chemical Pharmaceutical Association),Ingredients,IT-01,Ingredients,not provided,detail.php?exid=C14016390&sidSuffix=s20260203221243470&previous=,JAPAN,JP,jp,https://flagcdn.com/w40/jp.png,Asia
Croda Japan K.K.,Bio Pharma,3H-29,Bio Pharma,not provided,detail.php?exid=CF23185561&sidSuffix=s20260203221243470&previous=,JAPAN,JP,jp,https://flagcdn.com/w40/jp.png,Asia
Croda Japan K.K.,Bio Pharma,3H-29,Bio Pharma,not provided,detail.php?exid=CF23185561&sidSuffix=s20260203221243470&previous=,JAPAN,JP,jp,https://flagcdn.com/w40/jp.png,Asia
Croda Japan K.K.,Bio Pharma,3H-29,Bio Pharma,not provided,detail.php?exid=CF23185561&sidSuffix=s20260203221243470&previous=,JAPAN,JP,jp,https://flagcdn.com/w40/jp.png,Asia
"CSIM CO., LTD.",Outsourcing,1C-33,Outsourcing,not provided,detail.php?exid=CF23116810&sidSuffix=s20260203221243470&previous=,SOUTH KOREA,KR,kr,https://flagcdn.com/w40/kr.png,Asia
"CSIM CO., LTD.",Outsourcing,1C-33,Outsourcing,not provided,detail.php?exid=CF23116810&sidSuffix=s20260203221243470&previous=,SOUTH KOREA,KR,kr,https://flagcdn.com/w40/kr.png,Asia
"CSIM CO., LTD.",Outsourcing,1C-33,Outsourcing,not provided,detail.php?exid=CF23116810&sidSuffix=s20260203221243470&previous=,SOUTH KOREA,KR,kr,https://flagcdn.com/w40/kr.png,Asia
"CSPC PHARMACEUTICAL GROUP CO.,LTD.",Ingredients,2D-38,Ingredients,not provided,detail.php?exid=C14018221&sidSuffix=s20260203221243470&previous=,CHINA,CN,cn,https://flagcdn.com/w40/cn.png,Asia
CURAPATH,Bio Pharma,3G-11,Bio Pharma,not provided,detail.php?exid=CF25132823&sidSuffix=s20260203221243470&previous=,SPAIN,ES,es,https://flagcdn.com/w40/es.png,Europe
CURAPATH,Bio Pharma,3G-11,Bio Pharma,not provided,detail.php?exid=CF25132823&sidSuffix=s20260203221243470&previous=,SPAIN,ES,es,https://flagcdn.com/w40/es.png,Europe
Curia,Ingredients,2C-10,Ingredients,not provided,detail.php?exid=C17189926&sidSuffix=s20260203221243470&previous=,USA,US,us,https://flagcdn.com/w40/us.png,North America
Curia,Ingredients,2C-10,Ingredients,not provided,detail.php?exid=C17189926&sidSuffix=s20260203221243470&previous=,USA,US,us,https://flagcdn.com/w40/us.png,North America
Curia,Ingredients,2C-10,Ingredients,not provided,detail.php?exid=C17189926&sidSuffix=s20260203221243470&previous=,USA,US,us,https://flagcdn.com/w40/us.png,North America
Cyfuse Biomedical K.K.,Bio Pharma,3G-01,Bio Pharma,not provided,detail.php?exid=CF26172513&sidSuffix=s20260203221243470&previous=,JAPAN,JP,jp,https://flagcdn.com/w40/jp.png,Asia
Daido Chemical Corporation,Ingredients,1H-38,Ingredients,not provided,detail.php?exid=CF22165716&sidSuffix=s20260203221243470&previous=,JAPAN,JP,jp,https://flagcdn.com/w40/jp.png,Asia
"Daito Pharmaceutical Co., Ltd.",Ingredients,2H-10,Ingredients,not provided,detail.php?exid=C16105157&sidSuffix=s20260203221243470&previous=,JAPAN,JP,jp,https://flagcdn.com/w40/jp.png,Asia
"Daito Pharmaceutical Co., Ltd.",Ingredients,2H-10,Ingredients,not provided,detail.php?exid=C16105157&sidSuffix=s20260203221243470&previous=,JAPAN,JP,jp,https://flagcdn.com/w40/jp.png,Asia
"Daito Pharmaceutical Co., Ltd.",Ingredients,2H-10,Ingredients,not provided,detail.php?exid=C16105157&sidSuffix=s20260203221243470&previous=,JAPAN,JP,jp,https://flagcdn.com/w40/jp.png,Asia
DalChem,Ingredients,3A-10,Ingredients,not provided,detail.php?exid=C14013688&sidSuffix=s20260203221243470&previous=,JAPAN,JP,jp,https://flagcdn.com/w40/jp.png,Asia
DalChem,Ingredients,3A-10,Ingredients,not provided,detail.php?exid=C14013688&sidSuffix=s20260203221243470&previous=,JAPAN,JP,jp,https://flagcdn.com/w40/jp.png,Asia
DalChem,Ingredients,3A-10,Ingredients,not provided,detail.php?exid=C14013688&sidSuffix=s20260203221243470&previous=,JAPAN,JP,jp,https://flagcdn.com/w40/jp.png,Asia
DalChem,Ingredients,3A-10,Ingredients,not provided,detail.php?exid=CF23166808&sidSuffix=s20260203221243470&previous=,RUSSIAN FEDERATION,RU,ru,https://flagcdn.com/w40/ru.png,Europe
DalChem,Ingredients,3A-10,Ingredients,not provided,detail.php?exid=CF23166808&sidSuffix=s20260203221243470&previous=,RUSSIAN FEDERATION,RU,ru,https://flagcdn.com/w40/ru.png,Europe
DalChem,Ingredients,3A-10,Ingredients,not provided,detail.php?exid=CF24122085&sidSuffix=s20260203221243470&previous=,DENMARK,DK,dk,https://flagcdn.com/w40/dk.png,Europe
DalChem,Ingredients,3A-10,Ingredients,not provided,detail.php?exid=CF24122085&sidSuffix=s20260203221243470&previous=,DENMARK,DK,dk,https://flagcdn.com/w40/dk.png,Europe
DalChem,Ingredients,3A-10,Ingredients,not provided,detail.php?exid=CF24122085&sidSuffix=s20260203221243470&previous=,DENMARK,DK,dk,https://flagcdn.com/w40/dk.png,Europe
DalChem,Ingredients,3A-10,Ingredients,not provided,detail.php?exid=CF21165656&sidSuffix=s20260203221243470&previous=,INDIA,IN,in,https://flagcdn.com/w40/in.png,Asia
DalChem,Ingredients,3A-10,Ingredients,not provided,detail.php?exid=C14177207&sidSuffix=s20260203221243470&previous=,USA,US,us,https://flagcdn.com/w40/us.png,North America
"Department of Industrial Technology, MOEA, Taiwan",Ingredients,3H-32,Ingredients,not provided,detail.php?exid=CF26157179&sidSuffix=s20260203221243470&previous=,TAIWAN,TW,tw,https://flagcdn.com/w40/tw.png,Asia
"Depew Fine Chemical Co., Ltd.",Outsourcing,1G-10,Outsourcing,2-chloropyrimidine,detail.php?exid=C20145987&sidSuffix=s20260203221243470&previous=,CHINA,CN,cn,https://flagcdn.com/w40/cn.png,Asia
"Depew Fine Chemical Co., Ltd.",Outsourcing,1G-10,Outsourcing,2-chloropyrimidine,detail.php?exid=C20145987&sidSuffix=s20260203221243470&previous=,CHINA,CN,cn,https://flagcdn.com/w40/cn.png,Asia
"Depew Fine Chemical Co., Ltd.",Outsourcing,1G-10,Outsourcing,2-chloropyrimidine,detail.php?exid=C20145987&sidSuffix=s20260203221243470&previous=,CHINA,CN,cn,https://flagcdn.com/w40/cn.png,Asia
"Depew Fine Chemical Co., Ltd.",Outsourcing,1G-10,Outsourcing,4-cyanobenzoic acid,detail.php?exid=C20145987&sidSuffix=s20260203221243470&previous=,CHINA,CN,cn,https://flagcdn.com/w40/cn.png,Asia
"Depew Fine Chemical Co., Ltd.",Outsourcing,1G-10,Outsourcing,4-cyanobenzoic acid,detail.php?exid=C20145987&sidSuffix=s20260203221243470&previous=,CHINA,CN,cn,https://flagcdn.com/w40/cn.png,Asia
"Depew Fine Chemical Co., Ltd.",Outsourcing,1G-10,Outsourcing,4-cyanobenzoic acid,detail.php?exid=C20145987&sidSuffix=s20260203221243470&previous=,CHINA,CN,cn,https://flagcdn.com/w40/cn.png,Asia
"Depew Fine Chemical Co., Ltd.",Outsourcing,1G-10,Outsourcing,(-) trans-4r-(4-fluorophenyl)-3s-,detail.php?exid=C20145987&sidSuffix=s20260203221243470&previous=,CHINA,CN,cn,https://flagcdn.com/w40/cn.png,Asia
"Depew Fine Chemical Co., Ltd.",Outsourcing,1G-10,Outsourcing,(-) trans-4r-(4-fluorophenyl)-3s-,detail.php?exid=C20145987&sidSuffix=s20260203221243470&previous=,CHINA,CN,cn,https://flagcdn.com/w40/cn.png,Asia
"Depew Fine Chemical Co., Ltd.",Outsourcing,1G-10,Outsourcing,(-) trans-4r-(4-fluorophenyl)-3s-,detail.php?exid=C20145987&sidSuffix=s20260203221243470&previous=,CHINA,CN,cn,https://flagcdn.com/w40/cn.png,Asia
"Depew Fine Chemical Co., Ltd.",Outsourcing,1G-10,Outsourcing,((4-phenylbutyl)hydroxyphosphoryl)acetic,detail.php?exid=C20145987&sidSuffix=s20260203221243470&previous=,CHINA,CN,cn,https://flagcdn.com/w40/cn.png,Asia
"Depew Fine Chemical Co., Ltd.",Outsourcing,1G-10,Outsourcing,((4-phenylbutyl)hydroxyphosphoryl)acetic,detail.php?exid=C20145987&sidSuffix=s20260203221243470&previous=,CHINA,CN,cn,https://flagcdn.com/w40/cn.png,Asia
"Depew Fine Chemical Co., Ltd.",Outsourcing,1G-10,Outsourcing,((4-phenylbutyl)hydroxyphosphoryl)acetic,detail.php?exid=C20145987&sidSuffix=s20260203221243470&previous=,CHINA,CN,cn,https://flagcdn.com/w40/cn.png,Asia
DFE Pharma KK,Ingredients,1H-32,Ingredients,not provided,detail.php?exid=C14017333&sidSuffix=s20260203221243470&previous=,JAPAN,JP,jp,https://flagcdn.com/w40/jp.png,Asia
DFE Pharma KK,Ingredients,1H-32,Ingredients,not provided,detail.php?exid=C14017333&sidSuffix=s20260203221243470&previous=,JAPAN,JP,jp,https://flagcdn.com/w40/jp.png,Asia
"DIJIA PHARMACEUTICAL GROUP CO., LTD",Ingredients,3C-23,Ingredients,not provided,detail.php?exid=C14148631&sidSuffix=s20260203221243470&previous=,CHINA,CN,cn,https://flagcdn.com/w40/cn.png,Asia
DIPHARMA FRANCIS,Ingredients,IT-06,Ingredients,not provided,detail.php?exid=C15147099&sidSuffix=s20260203221243470&previous=,ITALY,IT,it,https://flagcdn.com/w40/it.png,Europe
Dishman Carbogen Amcis,Outsourcing,1C-38,Outsourcing,not provided,detail.php?exid=CF25112975&sidSuffix=s20260203221243470&previous=,JAPAN,JP,jp,https://flagcdn.com/w40/jp.png,Asia
Dishman Carbogen Amcis,Outsourcing,1C-38,Outsourcing,not provided,detail.php?exid=CF25112975&sidSuffix=s20260203221243470&previous=,JAPAN,JP,jp,https://flagcdn.com/w40/jp.png,Asia
Dishman Carbogen Amcis,Outsourcing,1C-38,Outsourcing,not provided,detail.php?exid=CF24120415&sidSuffix=s20260203221243470&previous=,SWITZERLAND,CH,ch,https://flagcdn.com/w40/ch.png,Europe
Dishman Carbogen Amcis,Outsourcing,1C-38,Outsourcing,not provided,detail.php?exid=CF24120415&sidSuffix=s20260203221243470&previous=,SWITZERLAND,CH,ch,https://flagcdn.com/w40/ch.png,Europe
DKSH Japan K.K.,Ingredients,2G-04,Ingredients,not provided,detail.php?exid=C14017530&sidSuffix=s20260203221243470&previous=,JAPAN,JP,jp,https://flagcdn.com/w40/jp.png,Asia
DKSH Japan K.K.,Ingredients,2G-04,Ingredients,not provided,detail.php?exid=C14017530&sidSuffix=s20260203221243470&previous=,JAPAN,JP,jp,https://flagcdn.com/w40/jp.png,Asia
DKSH Japan K.K.,Ingredients,2G-04,Ingredients,not provided,detail.php?exid=C14017530&sidSuffix=s20260203221243470&previous=,JAPAN,JP,jp,https://flagcdn.com/w40/jp.png,Asia
Dr. Reddy's Laboratories Ltd.,Outsourcing,1D-22,Outsourcing,not provided,detail.php?exid=CF21192087&sidSuffix=s20260203221243470&previous=,INDIA,IN,in,https://flagcdn.com/w40/in.png,Asia
Dr. Reddy's Laboratories Ltd.,Outsourcing,1D-22,Outsourcing,not provided,detail.php?exid=C14018171&sidSuffix=s20260203221243470&previous=,INDIA,IN,in,https://flagcdn.com/w40/in.png,Asia
Dr. Reddy's Laboratories Ltd.,Outsourcing,1D-22,Outsourcing,not provided,detail.php?exid=C14018171&sidSuffix=s20260203221243470&previous=,INDIA,IN,in,https://flagcdn.com/w40/in.png,Asia
Dr. Reddy's Laboratories Ltd.,Outsourcing,1D-22,Outsourcing,not provided,detail.php?exid=C14018171&sidSuffix=s20260203221243470&previous=,INDIA,IN,in,https://flagcdn.com/w40/in.png,Asia
Duoning Japan,Bio Pharma,0.000000003,Bio Pharma,not provided,detail.php?exid=CF24140619&sidSuffix=s20260203221243470&previous=,JAPAN,JP,jp,https://flagcdn.com/w40/jp.png,Asia
Duoning Japan,Bio Pharma,0.000000003,Bio Pharma,not provided,detail.php?exid=CF24140619&sidSuffix=s20260203221243470&previous=,JAPAN,JP,jp,https://flagcdn.com/w40/jp.png,Asia
East Rock Union Limited,Ingredients,1H-48,Ingredients,not provided,detail.php?exid=CF26190926&sidSuffix=s20260203221243470&previous=,HONG KONG,HK,hk,https://flagcdn.com/w40/hk.png,Asia
"EirGenix, Inc.",Ingredients,1E-36,Ingredients,not provided,detail.php?exid=C20131060&sidSuffix=s20260203221243470&previous=,CHINA,CN,cn,https://flagcdn.com/w40/cn.png,Asia
"EirGenix, Inc.",Ingredients,1E-36,Ingredients,not provided,detail.php?exid=CF25188310&sidSuffix=s20260203221243470&previous=,IRELAND,IE,ie,https://flagcdn.com/w40/ie.png,Europe
"EirGenix, Inc.",Ingredients,1E-36,Ingredients,not provided,detail.php?exid=C20112335&sidSuffix=s20260203221243470&previous=,JAPAN,JP,jp,https://flagcdn.com/w40/jp.png,Asia
"EirGenix, Inc.",Ingredients,1E-36,Ingredients,not provided,detail.php?exid=C20112335&sidSuffix=s20260203221243470&previous=,JAPAN,JP,jp,https://flagcdn.com/w40/jp.png,Asia
"EirGenix, Inc.",Ingredients,1E-36,Ingredients,not provided,detail.php?exid=C20117834&sidSuffix=s20260203221243470&previous=,TAIWAN,TW,tw,https://flagcdn.com/w40/tw.png,Asia
EMBALL`ISO Japan K.K.,Bio Pharma,3F-04,Bio Pharma,not provided,detail.php?exid=CF23154165&sidSuffix=s20260203221243470&previous=,JAPAN,JP,jp,https://flagcdn.com/w40/jp.png,Asia
EMBALL`ISO Japan K.K.,Bio Pharma,3F-04,Bio Pharma,not provided,detail.php?exid=CF23154165&sidSuffix=s20260203221243470&previous=,JAPAN,JP,jp,https://flagcdn.com/w40/jp.png,Asia
"Embassy of Italy, Tokyo - Trade Promotion Section",Ingredients,IT-01,Ingredients,not provided,detail.php?exid=C14016391&sidSuffix=s20260203221243470&previous=,RUSSIAN FEDERATION,RU,ru,https://flagcdn.com/w40/ru.png,Europe
"Embassy of Italy, Tokyo - Trade Promotion Section",Ingredients,IT-01,Ingredients,not provided,detail.php?exid=CF23174605&sidSuffix=s20260203221243470&previous=,JAPAN,JP,jp,https://flagcdn.com/w40/jp.png,Asia
"Embassy of Italy, Tokyo - Trade Promotion Section",Ingredients,IT-01,Ingredients,not provided,detail.php?exid=C14016390&sidSuffix=s20260203221243470&previous=,JAPAN,JP,jp,https://flagcdn.com/w40/jp.png,Asia
"EOS MED CHEM CO., LTD",Ingredients,1J-45,Ingredients,not provided,detail.php?exid=CF24175194&sidSuffix=s20260203221243470&previous=,CHINA,CN,cn,https://flagcdn.com/w40/cn.png,Asia
Eqova Medicare,Ingredients,3B-41,Ingredients,not provided,detail.php?exid=CF25121941&sidSuffix=s20260203221243470&previous=,INDIA,IN,in,https://flagcdn.com/w40/in.png,Asia
Eqova Medicare,Ingredients,3B-41,Ingredients,not provided,detail.php?exid=CF25121941&sidSuffix=s20260203221243470&previous=,INDIA,IN,in,https://flagcdn.com/w40/in.png,Asia
Eqova Medicare,Ingredients,3B-41,Ingredients,not provided,detail.php?exid=CF26143893&sidSuffix=s20260203221243470&previous=,JAPAN,JP,jp,https://flagcdn.com/w40/jp.png,Asia
"Erabu Japan Co.,Ltd",Bio Pharma,3H-12,Bio Pharma,not provided,detail.php?exid=CF25183005&sidSuffix=s20260203221243470&previous=,JAPAN,JP,jp,https://flagcdn.com/w40/jp.png,Asia
ERREGIERRE SPA,Ingredients,IT-08,Ingredients,not provided,detail.php?exid=C14016361&sidSuffix=s20260203221243470&previous=,ITALY,IT,it,https://flagcdn.com/w40/it.png,Europe
"ESTCHEM CO., LTD.",Ingredients,3A-01,Ingredients,not provided,detail.php?exid=CF25136010&sidSuffix=s20260203221243470&previous=,JAPAN,JP,jp,https://flagcdn.com/w40/jp.png,Asia
"ESTCHEM CO., LTD.",Ingredients,3A-01,Ingredients,not provided,detail.php?exid=CF25136010&sidSuffix=s20260203221243470&previous=,JAPAN,JP,jp,https://flagcdn.com/w40/jp.png,Asia
"ESTCHEM CO., LTD.",Ingredients,3A-01,Ingredients,not provided,not provided,CHINA,CN,cn,https://flagcdn.com/w40/cn.png,Asia
ESTEVE CDMO,Outsourcing,1D-37,Outsourcing,not provided,detail.php?exid=C20104090&sidSuffix=s20260203221243470&previous=,SPAIN,ES,es,https://flagcdn.com/w40/es.png,Europe
ETHYPHARM,Outsourcing,1B-52,Outsourcing,not provided,detail.php?exid=CF26197356&sidSuffix=s20260203221243470&previous=,FRANCE,FR,fr,https://flagcdn.com/w40/fr.png,Europe
EURO API Japan G.K.,Outsourcing,1B-22,Outsourcing,not provided,detail.php?exid=CF23170751&sidSuffix=s20260203221243470&previous=,JAPAN,JP,jp,https://flagcdn.com/w40/jp.png,Asia
EURO API Japan G.K.,Outsourcing,1B-22,Outsourcing,not provided,detail.php?exid=CF23170751&sidSuffix=s20260203221243470&previous=,JAPAN,JP,jp,https://flagcdn.com/w40/jp.png,Asia
EURO API Japan G.K.,Outsourcing,1B-22,Outsourcing,not provided,detail.php?exid=CF23170751&sidSuffix=s20260203221243470&previous=,JAPAN,JP,jp,https://flagcdn.com/w40/jp.png,Asia
Evaluate Japan K.K.,Bio Pharma,3H-11,Bio Pharma,not provided,detail.php?exid=CF24164813&sidSuffix=s20260203221243470&previous=,JAPAN,JP,jp,https://flagcdn.com/w40/jp.png,Asia
EXTROVIS AG,Bio Pharma,3H-28,Bio Pharma,not provided,detail.php?exid=CF26106388&sidSuffix=s20260203221243470&previous=,SWITZERLAND,CH,ch,https://flagcdn.com/w40/ch.png,Europe
Fareva,Outsourcing,1A-22,Outsourcing,not provided,detail.php?exid=CF24136407&sidSuffix=s20260203221243470&previous=,FRANCE,FR,fr,https://flagcdn.com/w40/fr.png,Europe
"FarFavour Japan Co.,Ltd.",Ingredients,2D-41,Ingredients,not provided,detail.php?exid=C20119271&sidSuffix=s20260203221243470&previous=,JAPAN,JP,jp,https://flagcdn.com/w40/jp.png,Asia
FARMABIOS,Ingredients,IT-12,Ingredients,not provided,detail.php?exid=CF25181214&sidSuffix=s20260203221243470&previous=,ITALY,IT,it,https://flagcdn.com/w40/it.png,Europe
FARMAFLOR GROUP,Ingredients,IT-13,Ingredients,not provided,detail.php?exid=CF26141874&sidSuffix=s20260203221243470&previous=,ITALY,IT,it,https://flagcdn.com/w40/it.png,Europe
"Farmasino Pharmaceuticals (Anhui) Co., Ltd",Ingredients,3B-35,Ingredients,not provided,detail.php?exid=CF24132883&sidSuffix=s20260203221243470&previous=,CHINA,CN,cn,https://flagcdn.com/w40/cn.png,Asia
Fermion Oy,Outsourcing,1A-30,Outsourcing,Alprazolam,detail.php?exid=CF26133456&sidSuffix=s20260203221243470&previous=,FINLAND,FI,fi,https://flagcdn.com/w40/fi.png,Europe
Fermion Oy,Outsourcing,1A-30,Outsourcing,Azathioprine,detail.php?exid=CF26133456&sidSuffix=s20260203221243470&previous=,FINLAND,FI,fi,https://flagcdn.com/w40/fi.png,Europe
Fermion Oy,Outsourcing,1A-30,Outsourcing,Benserazide,detail.php?exid=CF26133456&sidSuffix=s20260203221243470&previous=,FINLAND,FI,fi,https://flagcdn.com/w40/fi.png,Europe
Fermion Oy,Outsourcing,1A-30,Outsourcing,Buspirone HCI,detail.php?exid=CF26133456&sidSuffix=s20260203221243470&previous=,FINLAND,FI,fi,https://flagcdn.com/w40/fi.png,Europe
Fermion Oy,Outsourcing,1A-30,Outsourcing,CARBIDOPA,detail.php?exid=CF26133456&sidSuffix=s20260203221243470&previous=,FINLAND,FI,fi,https://flagcdn.com/w40/fi.png,Europe
FIS,Outsourcing,1A-24,Outsourcing,not provided,detail.php?exid=CF23191718&sidSuffix=s20260203221243470&previous=,ITALY,IT,it,https://flagcdn.com/w40/it.png,Europe
FIS,Outsourcing,1A-24,Outsourcing,not provided,detail.php?exid=CF23191718&sidSuffix=s20260203221243470&previous=,ITALY,IT,it,https://flagcdn.com/w40/it.png,Europe
FLAMMA SPA,Ingredients,IT-20,Ingredients,not provided,detail.php?exid=CF23151871&sidSuffix=s20260203221243470&previous=,ITALY,IT,it,https://flagcdn.com/w40/it.png,Europe
Formosa Laboratories Japan Inc.,Ingredients,1E-36,Ingredients,not provided,detail.php?exid=C20131060&sidSuffix=s20260203221243470&previous=,CHINA,CN,cn,https://flagcdn.com/w40/cn.png,Asia
Formosa Laboratories Japan Inc.,Ingredients,1E-36,Ingredients,not provided,detail.php?exid=CF25188310&sidSuffix=s20260203221243470&previous=,IRELAND,IE,ie,https://flagcdn.com/w40/ie.png,Europe
Formosa Laboratories Japan Inc.,Ingredients,1E-36,Ingredients,not provided,detail.php?exid=C20112335&sidSuffix=s20260203221243470&previous=,JAPAN,JP,jp,https://flagcdn.com/w40/jp.png,Asia
Formosa Laboratories Japan Inc.,Ingredients,1E-36,Ingredients,not provided,detail.php?exid=C20112335&sidSuffix=s20260203221243470&previous=,JAPAN,JP,jp,https://flagcdn.com/w40/jp.png,Asia
Formosa Laboratories Japan Inc.,Ingredients,1E-36,Ingredients,not provided,detail.php?exid=C20117834&sidSuffix=s20260203221243470&previous=,TAIWAN,TW,tw,https://flagcdn.com/w40/tw.png,Asia
"Formosa Laboratories, Inc.",Ingredients,1E-36,Ingredients,not provided,detail.php?exid=C20131060&sidSuffix=s20260203221243470&previous=,CHINA,CN,cn,https://flagcdn.com/w40/cn.png,Asia
"Formosa Laboratories, Inc.",Ingredients,1E-36,Ingredients,not provided,detail.php?exid=CF25188310&sidSuffix=s20260203221243470&previous=,IRELAND,IE,ie,https://flagcdn.com/w40/ie.png,Europe
"Formosa Laboratories, Inc.",Ingredients,1E-36,Ingredients,not provided,detail.php?exid=C20112335&sidSuffix=s20260203221243470&previous=,JAPAN,JP,jp,https://flagcdn.com/w40/jp.png,Asia
"Formosa Laboratories, Inc.",Ingredients,1E-36,Ingredients,not provided,detail.php?exid=C20112335&sidSuffix=s20260203221243470&previous=,JAPAN,JP,jp,https://flagcdn.com/w40/jp.png,Asia
"Formosa Laboratories, Inc.",Ingredients,1E-36,Ingredients,not provided,detail.php?exid=C20117834&sidSuffix=s20260203221243470&previous=,TAIWAN,TW,tw,https://flagcdn.com/w40/tw.png,Asia
FORMULATRIX International Trading FZ-LLC,Bio Pharma,3G-05,Bio Pharma,not provided,detail.php?exid=CF26110967&sidSuffix=s20260203221243470&previous=,UAE,AE,ae,https://flagcdn.com/w40/ae.png,Middle East
Fuji Chemicals Ltd.,Ingredients,2A-25,Ingredients,not provided,detail.php?exid=CF24168728&sidSuffix=s20260203221243470&previous=,JAPAN,JP,jp,https://flagcdn.com/w40/jp.png,Asia
Fuji Chemicals Ltd.,Ingredients,2A-25,Ingredients,not provided,detail.php?exid=CF24168728&sidSuffix=s20260203221243470&previous=,JAPAN,JP,jp,https://flagcdn.com/w40/jp.png,Asia
Fujian Genohope Biotech Ltd.,Ingredients,3B-24,Ingredients,not provided,detail.php?exid=CF26108599&sidSuffix=s20260203221243470&previous=,CHINA,CN,cn,https://flagcdn.com/w40/cn.png,Asia
"FUJIFILM Toyama Chemical Co., Ltd.",Bio Pharma,3E-10,Bio Pharma,not provided,detail.php?exid=CF23154010&sidSuffix=s20260203221243470&previous=,JAPAN,JP,jp,https://flagcdn.com/w40/jp.png,Asia
"FUJIFILM Toyama Chemical Co., Ltd.",Bio Pharma,3E-10,Bio Pharma,not provided,detail.php?exid=CF23154010&sidSuffix=s20260203221243470&previous=,JAPAN,JP,jp,https://flagcdn.com/w40/jp.png,Asia
"FUJIMOTO CHEMICALS Co., LTD.",Ingredients,2H-23,Ingredients,not provided,detail.php?exid=C14016467&sidSuffix=s20260203221243470&previous=,JAPAN,JP,jp,https://flagcdn.com/w40/jp.png,Asia
"FUJIMOTO CHEMICALS Co., LTD.",Ingredients,2H-23,Ingredients,not provided,detail.php?exid=C14016467&sidSuffix=s20260203221243470&previous=,JAPAN,JP,jp,https://flagcdn.com/w40/jp.png,Asia
"FUJIMOTO CHEMICALS Co., LTD.",Ingredients,2H-23,Ingredients,not provided,detail.php?exid=C14016467&sidSuffix=s20260203221243470&previous=,JAPAN,JP,jp,https://flagcdn.com/w40/jp.png,Asia
"Fukuzyu Pharmaceutical Co.,Ltd.",Ingredients,2G-28,Ingredients,not provided,detail.php?exid=CF24133792&sidSuffix=s20260203221243470&previous=,JAPAN,JP,jp,https://flagcdn.com/w40/jp.png,Asia
"FuXin Custchem Fine Chemical Co.,Ltd.",Ingredients,1E-44,Ingredients,not provided,detail.php?exid=F20154416&sidSuffix=s20260203221243470&previous=,CHINA,CN,cn,https://flagcdn.com/w40/cn.png,Asia
"Fuxin Jintelai Fluorine Chemical Co., Ltd.",Ingredients,2J-16,Ingredients,not provided,detail.php?exid=CF24180244&sidSuffix=s20260203221243470&previous=,CHINA,CN,cn,https://flagcdn.com/w40/cn.png,Asia
GD BIOTECH Limited,Ingredients,1G-45,Ingredients,not provided,detail.php?exid=CF26199057&sidSuffix=s20260203221243470&previous=,CHINA,CN,cn,https://flagcdn.com/w40/cn.png,Asia
"Genchem & Genpham (Changzhou) Co., Ltd.",Ingredients,1J-41,Ingredients,not provided,detail.php?exid=CF26158156&sidSuffix=s20260203221243470&previous=,CHINA,CN,cn,https://flagcdn.com/w40/cn.png,Asia
"Genchem & Genpham (Changzhou) Co., Ltd.",Ingredients,1J-41,Ingredients,not provided,detail.php?exid=C15127492&sidSuffix=s20260203221243470&previous=,CHINA,CN,cn,https://flagcdn.com/w40/cn.png,Asia
Genovior Biotech Corporation,Outsourcing,0.00001,Outsourcing,not provided,detail.php?exid=CF21108971&sidSuffix=s20260203221243470&previous=,TAIWAN,TW,tw,https://flagcdn.com/w40/tw.png,Asia
"Gensu Biotech Co., Ltd.",Bio Pharma,3F-06,Bio Pharma,not provided,detail.php?exid=CF26105620&sidSuffix=s20260203221243470&previous=,JAPAN,JP,jp,https://flagcdn.com/w40/jp.png,Asia
GL BIOCHEM（SHANGHAI）LTD.,Bio Pharma,3E-28,Bio Pharma,not provided,detail.php?exid=CF25103727&sidSuffix=s20260203221243470&previous=,CHINA,CN,cn,https://flagcdn.com/w40/cn.png,Asia
"Global Information, Inc.",Bio Pharma,3H-01,Bio Pharma,not provided,detail.php?exid=C14018952&sidSuffix=s20260203221243470&previous=,JAPAN,JP,jp,https://flagcdn.com/w40/jp.png,Asia
"Global Information, Inc.",Bio Pharma,3H-01,Bio Pharma,not provided,detail.php?exid=C14018952&sidSuffix=s20260203221243470&previous=,JAPAN,JP,jp,https://flagcdn.com/w40/jp.png,Asia
"GODO SHIGEN CO.,LTD.",Ingredients,2A-42,Ingredients,not provided,detail.php?exid=C17196946&sidSuffix=s20260203221243470&previous=,JAPAN,JP,jp,https://flagcdn.com/w40/jp.png,Asia
"Guangdong Raffles PharmaTech Co., Ltd.",Bio Pharma,3G-28,Bio Pharma,not provided,detail.php?exid=CF26197016&sidSuffix=s20260203221243470&previous=,CHINA,CN,cn,https://flagcdn.com/w40/cn.png,Asia
"Hamari Chemicals, Ltd.",Ingredients,2F-32,Ingredients,not provided,detail.php?exid=C14160189&sidSuffix=s20260203221243470&previous=,JAPAN,JP,jp,https://flagcdn.com/w40/jp.png,Asia
"Hamari Chemicals, Ltd.",Ingredients,2F-32,Ingredients,not provided,detail.php?exid=C14160189&sidSuffix=s20260203221243470&previous=,JAPAN,JP,jp,https://flagcdn.com/w40/jp.png,Asia
"Hamari Chemicals, Ltd.",Ingredients,2F-32,Ingredients,not provided,detail.php?exid=C14160189&sidSuffix=s20260203221243470&previous=,JAPAN,JP,jp,https://flagcdn.com/w40/jp.png,Asia
"HANGZHOU INSURE CHEMICAL CO.,LTD",Ingredients,3C-19,Ingredients,not provided,detail.php?exid=CF26171130&sidSuffix=s20260203221243470&previous=,CHINA,CN,cn,https://flagcdn.com/w40/cn.png,Asia
"Hangzhou Leap Chem Co., Ltd.",Ingredients,1H-49,Ingredients,not provided,detail.php?exid=CF26109723&sidSuffix=s20260203221243470&previous=,CHINA,CN,cn,https://flagcdn.com/w40/cn.png,Asia
HANGZHOU PHARMCO CO LTD,Outsourcing,1E-35,Outsourcing,not provided,detail.php?exid=CF25195521&sidSuffix=s20260203221243470&previous=,CHINA,CN,cn,https://flagcdn.com/w40/cn.png,Asia
"HANGZHOU TOMSON BIOPHARMA CO.,LTD.",Bio Pharma,3H-06,Bio Pharma,not provided,detail.php?exid=CF24127831&sidSuffix=s20260203221243470&previous=,CHINA,CN,cn,https://flagcdn.com/w40/cn.png,Asia
Hangzhou Verychem Science And Technology Co.Ltd.,Ingredients,2J-19,Ingredients,not provided,detail.php?exid=F18161465&sidSuffix=s20260203221243470&previous=,CHINA,CN,cn,https://flagcdn.com/w40/cn.png,Asia
HARI ORGOCHEM PVT LTD,Ingredients,2D-27,Ingredients,Oxalyl Chloride,detail.php?exid=CF26153169&sidSuffix=s20260203221243470&previous=,INDIA,IN,in,https://flagcdn.com/w40/in.png,Asia
HARI ORGOCHEM PVT LTD,Ingredients,2D-27,Ingredients,Sodium Trichloroacetate,detail.php?exid=CF26153169&sidSuffix=s20260203221243470&previous=,INDIA,IN,in,https://flagcdn.com/w40/in.png,Asia
HARI ORGOCHEM PVT LTD,Ingredients,2D-27,Ingredients,Trichloroacetyl Chloride,detail.php?exid=CF26153169&sidSuffix=s20260203221243470&previous=,INDIA,IN,in,https://flagcdn.com/w40/in.png,Asia
HAS Healthcare Advanced Synthesis,Outsourcing,1B-37,Outsourcing,not provided,detail.php?exid=C14016635&sidSuffix=s20260203221243470&previous=,SWITZERLAND,CH,ch,https://flagcdn.com/w40/ch.png,Europe
"Healthytree (Hangzhou) Medical Device Co., Ltd",Ingredients,3C-18,Ingredients,not provided,detail.php?exid=CF26136960&sidSuffix=s20260203221243470&previous=,CHINA,CN,cn,https://flagcdn.com/w40/cn.png,Asia
"HEBEI DAPENG PHARM & CHEM CO., LTD",Outsourcing,1A-10,Outsourcing,not provided,detail.php?exid=C15126384&sidSuffix=s20260203221243470&previous=,CHINA,CN,cn,https://flagcdn.com/w40/cn.png,Asia
"Hebei Guangxiang Pharmaceutical Co., Ltd.",Ingredients,2J-37,Ingredients,not provided,detail.php?exid=CF24152419&sidSuffix=s20260203221243470&previous=,CHINA,CN,cn,https://flagcdn.com/w40/cn.png,Asia
Hedinger,Ingredients,1H-35,Ingredients,not provided,detail.php?exid=CF25127439&sidSuffix=s20260203221243470&previous=,GERMANY,DE,de,https://flagcdn.com/w40/de.png,Europe
Hedinger,Ingredients,1H-35,Ingredients,not provided,detail.php?exid=CF25127439&sidSuffix=s20260203221243470&previous=,GERMANY,DE,de,https://flagcdn.com/w40/de.png,Europe
Heraeus Precious Metals,Ingredients,1H-12,Ingredients,not provided,detail.php?exid=C14017291&sidSuffix=s20260203221243470&previous=,GERMANY,DE,de,https://flagcdn.com/w40/de.png,Europe
Heraeus Precious Metals,Ingredients,1H-12,Ingredients,not provided,detail.php?exid=C14017291&sidSuffix=s20260203221243470&previous=,GERMANY,DE,de,https://flagcdn.com/w40/de.png,Europe
Heraeus Precious Metals,Ingredients,1H-12,Ingredients,not provided,detail.php?exid=C14017291&sidSuffix=s20260203221243470&previous=,GERMANY,DE,de,https://flagcdn.com/w40/de.png,Europe
Hetero Drugs Limited,Ingredients,2D-22,Ingredients,not provided,detail.php?exid=C14017299&sidSuffix=s20260203221243470&previous=,INDIA,IN,in,https://flagcdn.com/w40/in.png,Asia
"HighChem Company, Ltd.",Ingredients,1E-32,Ingredients,not provided,detail.php?exid=C14019011&sidSuffix=s20260203221243470&previous=,SLOVAKIA,SK,sk,https://flagcdn.com/w40/sk.png,Europe
HIKAL LIMITED,Ingredients,3B-08,Ingredients,not provided,detail.php?exid=C14016503&sidSuffix=s20260203221243470&previous=,INDIA,IN,in,https://flagcdn.com/w40/in.png,Asia
HitGen Inc.,Bio Pharma,3E-26,Bio Pharma,not provided,detail.php?exid=CF21189395&sidSuffix=s20260203221243470&previous=,CHINA,CN,cn,https://flagcdn.com/w40/cn.png,Asia
Honour Lab Limited,Outsourcing,1B-41,Outsourcing,"(1s, 2s, 3s, 5s)-3-(Benzyloxy)-5-(6-",detail.php?exid=CF25136204&sidSuffix=s20260203221243470&previous=,HONG KONG,HK,hk,https://flagcdn.com/w40/hk.png,Asia
Honour Lab Limited,Outsourcing,1B-41,Outsourcing,"(2r-Cis)-5-(4-Amino-1,2-Dihydro-2-Oxo-1-",detail.php?exid=CF25136204&sidSuffix=s20260203221243470&previous=,HONG KONG,HK,hk,https://flagcdn.com/w40/hk.png,Asia
Honour Lab Limited,Outsourcing,1B-41,Outsourcing,"(2r,5r)-5-(4-Amino-5-Fluoro-2-Oxo-2h-",detail.php?exid=CF25136204&sidSuffix=s20260203221243470&previous=,HONG KONG,HK,hk,https://flagcdn.com/w40/hk.png,Asia
Honour Lab Limited,Outsourcing,1B-41,Outsourcing,"(2s,3s,5s)-2-Amino-3-Hydroxy-5-Tert",detail.php?exid=CF25136204&sidSuffix=s20260203221243470&previous=,HONG KONG,HK,hk,https://flagcdn.com/w40/hk.png,Asia
Hovione,Outsourcing,1B-31,Outsourcing,not provided,detail.php?exid=C14011005&sidSuffix=s20260203221243470&previous=,PORTUGAL,PT,pt,https://flagcdn.com/w40/pt.png,Europe
Hovione,Outsourcing,1B-31,Outsourcing,not provided,detail.php?exid=C14011005&sidSuffix=s20260203221243470&previous=,PORTUGAL,PT,pt,https://flagcdn.com/w40/pt.png,Europe
Hovione,Outsourcing,1B-31,Outsourcing,not provided,detail.php?exid=C14011005&sidSuffix=s20260203221243470&previous=,PORTUGAL,PT,pt,https://flagcdn.com/w40/pt.png,Europe
"Huanggang Luban Pharmaceutical Co., ltd.",Ingredients,3A-30,Ingredients,not provided,detail.php?exid=C14178551&sidSuffix=s20260203221243470&previous=,CHINA,CN,cn,https://flagcdn.com/w40/cn.png,Asia
HUATAI BIOPHARM INC.,Ingredients,1C-07,Ingredients,not provided,detail.php?exid=CF23112814&sidSuffix=s20260203221243470&previous=,TAIWAN,TW,tw,https://flagcdn.com/w40/tw.png,Asia
"Hubei Gedian Humanwell Pharmaceutical Co.,ltd.",Ingredients,2K-32,Ingredients,not provided,detail.php?exid=CF23188783&sidSuffix=s20260203221243470&previous=,CHINA,CN,cn,https://flagcdn.com/w40/cn.png,Asia
"HUBEI HUIDA HIGH-TECH CO., LTD.",Ingredients,1G-44,Ingredients,not provided,detail.php?exid=CF24158182&sidSuffix=s20260203221243470&previous=,CHINA,CN,cn,https://flagcdn.com/w40/cn.png,Asia
"Hubei Tianshu Pharmaceutical Co., Ltd.",Ingredients,2K-16,Ingredients,not provided,detail.php?exid=CF26176667&sidSuffix=s20260203221243470&previous=,CHINA,CN,cn,https://flagcdn.com/w40/cn.png,Asia
"Hubei XinJing New Material Co.,LTD",Ingredients,1B-12,Ingredients,not provided,detail.php?exid=C14018393&sidSuffix=s20260203221243470&previous=,CHINA,CN,cn,https://flagcdn.com/w40/cn.png,Asia
"Hunan Huateng Pharmaceutical Co., Ltd.",Outsourcing,1D-26,Outsourcing,not provided,detail.php?exid=CF24130143&sidSuffix=s20260203221243470&previous=,CHINA,CN,cn,https://flagcdn.com/w40/cn.png,Asia
"Hunan Huateng Pharmaceutical Co., Ltd.",Outsourcing,1D-26,Outsourcing,not provided,detail.php?exid=CF24130143&sidSuffix=s20260203221243470&previous=,CHINA,CN,cn,https://flagcdn.com/w40/cn.png,Asia
Hunan Jiudian Hongyang Pharmaceutical,Ingredients,2J-32,Ingredients,not provided,detail.php?exid=CF25105664&sidSuffix=s20260203221243470&previous=,CHINA,CN,cn,https://flagcdn.com/w40/cn.png,Asia
"Hunan Weite Pharmaceutical Co., Ltd.",Ingredients,1F-46,Ingredients,not provided,detail.php?exid=CF26164440&sidSuffix=s20260203221243470&previous=,CHINA,CN,cn,https://flagcdn.com/w40/cn.png,Asia
HYDRUS CHEMICAL INC.,Ingredients,2D-40,Ingredients,not provided,detail.php?exid=C14016764&sidSuffix=s20260203221243470&previous=,JAPAN,JP,jp,https://flagcdn.com/w40/jp.png,Asia
HYDRUS CHEMICAL INC.,Ingredients,2D-40,Ingredients,not provided,detail.php?exid=C14016764&sidSuffix=s20260203221243470&previous=,JAPAN,JP,jp,https://flagcdn.com/w40/jp.png,Asia
HYDRUS CHEMICAL INC.,Ingredients,2D-40,Ingredients,not provided,detail.php?exid=C14016764&sidSuffix=s20260203221243470&previous=,JAPAN,JP,jp,https://flagcdn.com/w40/jp.png,Asia
IBSA,Ingredients,IT-17,Ingredients,not provided,detail.php?exid=CF23100158&sidSuffix=s20260203221243470&previous=,SWITZERLAND,CH,ch,https://flagcdn.com/w40/ch.png,Europe
ICE Pharma,Outsourcing,1C-27,Outsourcing,not provided,detail.php?exid=CF24132396&sidSuffix=s20260203221243470&previous=,ITALY,IT,it,https://flagcdn.com/w40/it.png,Europe
ICE Pharma,Outsourcing,1C-27,Outsourcing,not provided,detail.php?exid=CF24132396&sidSuffix=s20260203221243470&previous=,ITALY,IT,it,https://flagcdn.com/w40/it.png,Europe
"Ichimaru Co., Ltd",Bio Pharma,3E-30,Bio Pharma,not provided,detail.php?exid=CF25147402&sidSuffix=s20260203221243470&previous=,JAPAN,JP,jp,https://flagcdn.com/w40/jp.png,Asia
"Ichimaru Co., Ltd",Bio Pharma,3E-30,Bio Pharma,not provided,detail.php?exid=CF25147402&sidSuffix=s20260203221243470&previous=,JAPAN,JP,jp,https://flagcdn.com/w40/jp.png,Asia
ICROM,Ingredients,IT-18,Ingredients,not provided,detail.php?exid=CF24198670&sidSuffix=s20260203221243470&previous=,ITALY,IT,it,https://flagcdn.com/w40/it.png,Europe
IDEOLON,Outsourcing,1B-28,Outsourcing,Asia's First Live audit report Library,detail.php?exid=CF24142939&sidSuffix=s20260203221243470&previous=,INDIA,IN,in,https://flagcdn.com/w40/in.png,Asia
IDEOLON,Outsourcing,1B-28,Outsourcing,Asia's First Live audit report Library,detail.php?exid=CF24142939&sidSuffix=s20260203221243470&previous=,INDIA,IN,in,https://flagcdn.com/w40/in.png,Asia
IDEOLON,Outsourcing,1B-28,Outsourcing,Asia's First Live audit report Library,detail.php?exid=CF24142939&sidSuffix=s20260203221243470&previous=,INDIA,IN,in,https://flagcdn.com/w40/in.png,Asia
IDEOLON,Outsourcing,1B-28,Outsourcing,GMP audits,detail.php?exid=CF24142939&sidSuffix=s20260203221243470&previous=,INDIA,IN,in,https://flagcdn.com/w40/in.png,Asia
IDEOLON,Outsourcing,1B-28,Outsourcing,GMP audits,detail.php?exid=CF24142939&sidSuffix=s20260203221243470&previous=,INDIA,IN,in,https://flagcdn.com/w40/in.png,Asia
IDEOLON,Outsourcing,1B-28,Outsourcing,GMP audits,detail.php?exid=CF24142939&sidSuffix=s20260203221243470&previous=,INDIA,IN,in,https://flagcdn.com/w40/in.png,Asia
IDEOLON,Outsourcing,1B-28,Outsourcing,Quality Compliance Services,detail.php?exid=CF24142939&sidSuffix=s20260203221243470&previous=,INDIA,IN,in,https://flagcdn.com/w40/in.png,Asia
IDEOLON,Outsourcing,1B-28,Outsourcing,Quality Compliance Services,detail.php?exid=CF24142939&sidSuffix=s20260203221243470&previous=,INDIA,IN,in,https://flagcdn.com/w40/in.png,Asia
IDEOLON,Outsourcing,1B-28,Outsourcing,Quality Compliance Services,detail.php?exid=CF24142939&sidSuffix=s20260203221243470&previous=,INDIA,IN,in,https://flagcdn.com/w40/in.png,Asia
"IL Contract Packaging Co., Ltd.",Outsourcing,1B-13,Outsourcing,not provided,detail.php?exid=CF25132387&sidSuffix=s20260203221243470&previous=,JAPAN,JP,jp,https://flagcdn.com/w40/jp.png,Asia
"IL Contract Packaging Co., Ltd.",Outsourcing,1B-13,Outsourcing,not provided,detail.php?exid=CF25132387&sidSuffix=s20260203221243470&previous=,JAPAN,JP,jp,https://flagcdn.com/w40/jp.png,Asia
"IL Contract Packaging Co., Ltd.",Outsourcing,1B-13,Outsourcing,not provided,detail.php?exid=CF25114317&sidSuffix=s20260203221243470&previous=,JAPAN,JP,jp,https://flagcdn.com/w40/jp.png,Asia
"IL Contract Packaging Co., Ltd.",Outsourcing,1B-13,Outsourcing,not provided,detail.php?exid=CF25114317&sidSuffix=s20260203221243470&previous=,JAPAN,JP,jp,https://flagcdn.com/w40/jp.png,Asia
"IL Pharma Packaging Co., Ltd.",Outsourcing,1B-13,Outsourcing,not provided,detail.php?exid=CF25132387&sidSuffix=s20260203221243470&previous=,JAPAN,JP,jp,https://flagcdn.com/w40/jp.png,Asia
"IL Pharma Packaging Co., Ltd.",Outsourcing,1B-13,Outsourcing,not provided,detail.php?exid=CF25132387&sidSuffix=s20260203221243470&previous=,JAPAN,JP,jp,https://flagcdn.com/w40/jp.png,Asia
"IL Pharma Packaging Co., Ltd.",Outsourcing,1B-13,Outsourcing,not provided,detail.php?exid=CF25114317&sidSuffix=s20260203221243470&previous=,JAPAN,JP,jp,https://flagcdn.com/w40/jp.png,Asia
"IL Pharma Packaging Co., Ltd.",Outsourcing,1B-13,Outsourcing,not provided,detail.php?exid=CF25114317&sidSuffix=s20260203221243470&previous=,JAPAN,JP,jp,https://flagcdn.com/w40/jp.png,Asia
ILS Inc.,Ingredients,2H-35,Ingredients,not provided,detail.php?exid=CF24129591&sidSuffix=s20260203221243470&previous=,USA,US,us,https://flagcdn.com/w40/us.png,North America
IMS MICRONIZZAZIONI,Ingredients,IT-11,Ingredients,not provided,detail.php?exid=CF23164010&sidSuffix=s20260203221243470&previous=,ITALY,IT,it,https://flagcdn.com/w40/it.png,Europe
"Inabata & Co., Ltd.",Bio Pharma,3E-21,Bio Pharma,not provided,detail.php?exid=C19127327&sidSuffix=s20260203221243470&previous=,JAPAN,JP,jp,https://flagcdn.com/w40/jp.png,Asia
INDENA,Ingredients,IT-09,Ingredients,not provided,detail.php?exid=CF26100331&sidSuffix=s20260203221243470&previous=,ITALY,IT,it,https://flagcdn.com/w40/it.png,Europe
"INIST ST CO.,LTD",Ingredients,3D-46,Ingredients,not provided,detail.php?exid=C19116062&sidSuffix=s20260203221243470&previous=,SOUTH KOREA,KR,kr,https://flagcdn.com/w40/kr.png,Asia
International Pharmaceutical Excipients Council Japan,Ingredients,1J-29,Ingredients,not provided,detail.php?exid=C14017409&sidSuffix=s20260203221243470&previous=,JAPAN,JP,jp,https://flagcdn.com/w40/jp.png,Asia
"ISEKYU CO., LTD.",Ingredients,3D-04,Ingredients,not provided,detail.php?exid=C15110853&sidSuffix=s20260203221243470&previous=,JAPAN,JP,jp,https://flagcdn.com/w40/jp.png,Asia
"ISEKYU CO., LTD.",Ingredients,3D-04,Ingredients,not provided,detail.php?exid=C15110853&sidSuffix=s20260203221243470&previous=,JAPAN,JP,jp,https://flagcdn.com/w40/jp.png,Asia
"ISEKYU CO., LTD.",Ingredients,3D-04,Ingredients,not provided,detail.php?exid=C15153622&sidSuffix=s20260203221243470&previous=,CHINA,CN,cn,https://flagcdn.com/w40/cn.png,Asia
ITOCHU CHEMICAL FRONTIER Corporation,Ingredients,1J-34,Ingredients,not provided,detail.php?exid=C14016232&sidSuffix=s20260203221243470&previous=,JAPAN,JP,jp,https://flagcdn.com/w40/jp.png,Asia
Japan Active Pharmaceutical Ingredient Association,Ingredients,2G-26,Ingredients,not provided,detail.php?exid=CF24102603&sidSuffix=s20260203221243470&previous=,JAPAN,JP,jp,https://flagcdn.com/w40/jp.png,Asia
Japan Biological Informatics Consortium (JBIC),Bio Pharma,3G-02,Bio Pharma,not provided,detail.php?exid=C14016516&sidSuffix=s20260203221243470&previous=,JAPAN,JP,jp,https://flagcdn.com/w40/jp.png,Asia
JASCO Corporation,Bio Pharma,3G-30,Bio Pharma,not provided,detail.php?exid=CF24158108&sidSuffix=s20260203221243470&previous=,JAPAN,JP,jp,https://flagcdn.com/w40/jp.png,Asia
JAY FINECHEM PRIVATE LIMITED,Ingredients,2E-28,Ingredients,not provided,detail.php?exid=CF23191838&sidSuffix=s20260203221243470&previous=,INDIA,IN,in,https://flagcdn.com/w40/in.png,Asia
"Jiangsu Dawning Pharmaceutical Co., Ltd.",Bio Pharma,3H-02,Bio Pharma,not provided,detail.php?exid=CF26155154&sidSuffix=s20260203221243470&previous=,CHINA,CN,cn,https://flagcdn.com/w40/cn.png,Asia
"Jiangsu Guotai Guomian Trading Co., Ltd.",Ingredients,2J-05,Ingredients,not provided,detail.php?exid=CF23145615&sidSuffix=s20260203221243470&previous=,CHINA,CN,cn,https://flagcdn.com/w40/cn.png,Asia
"Jiangsu Guotai Guomian Trading Co., Ltd.",Ingredients,2J-05,Ingredients,not provided,detail.php?exid=CF23145615&sidSuffix=s20260203221243470&previous=,CHINA,CN,cn,https://flagcdn.com/w40/cn.png,Asia
"Jiangsu Hansoh Pharmaceutical Group Co., Ltd.",Outsourcing,1J-10,Outsourcing,Emei ning,detail.php?exid=C14017107&sidSuffix=s20260203221243470&previous=,CHINA,CN,cn,https://flagcdn.com/w40/cn.png,Asia
"Jiangsu Hansoh Pharmaceutical Group Co., Ltd.",Outsourcing,1J-10,Outsourcing,Emei ning,detail.php?exid=C14017107&sidSuffix=s20260203221243470&previous=,CHINA,CN,cn,https://flagcdn.com/w40/cn.png,Asia
"Jiangsu Hansoh Pharmaceutical Group Co., Ltd.",Outsourcing,1J-10,Outsourcing,Fondi (sulfate injection cefoselis),detail.php?exid=C14017107&sidSuffix=s20260203221243470&previous=,CHINA,CN,cn,https://flagcdn.com/w40/cn.png,Asia
"Jiangsu Hansoh Pharmaceutical Group Co., Ltd.",Outsourcing,1J-10,Outsourcing,Fondi (sulfate injection cefoselis),detail.php?exid=C14017107&sidSuffix=s20260203221243470&previous=,CHINA,CN,cn,https://flagcdn.com/w40/cn.png,Asia
"Jiangsu Hansoh Pharmaceutical Group Co., Ltd.",Outsourcing,1J-10,Outsourcing,Fry because (gliclazide mr),detail.php?exid=C14017107&sidSuffix=s20260203221243470&previous=,CHINA,CN,cn,https://flagcdn.com/w40/cn.png,Asia
"Jiangsu Hansoh Pharmaceutical Group Co., Ltd.",Outsourcing,1J-10,Outsourcing,Fry because (gliclazide mr),detail.php?exid=C14017107&sidSuffix=s20260203221243470&previous=,CHINA,CN,cn,https://flagcdn.com/w40/cn.png,Asia
"Jiangsu Hansoh Pharmaceutical Group Co., Ltd.",Outsourcing,1J-10,Outsourcing,Fu come and (repaglinide metformin),detail.php?exid=C14017107&sidSuffix=s20260203221243470&previous=,CHINA,CN,cn,https://flagcdn.com/w40/cn.png,Asia
"Jiangsu Hansoh Pharmaceutical Group Co., Ltd.",Outsourcing,1J-10,Outsourcing,Fu come and (repaglinide metformin),detail.php?exid=C14017107&sidSuffix=s20260203221243470&previous=,CHINA,CN,cn,https://flagcdn.com/w40/cn.png,Asia
"Jiangsu Hansoh Pharmaceutical Group Co., Ltd.",Outsourcing,1J-10,Outsourcing,Fu to di (repaglinide),detail.php?exid=C14017107&sidSuffix=s20260203221243470&previous=,CHINA,CN,cn,https://flagcdn.com/w40/cn.png,Asia
"Jiangsu Hansoh Pharmaceutical Group Co., Ltd.",Outsourcing,1J-10,Outsourcing,Fu to di (repaglinide),detail.php?exid=C14017107&sidSuffix=s20260203221243470&previous=,CHINA,CN,cn,https://flagcdn.com/w40/cn.png,Asia
"JIANGSU JIAERKE PHARMACEUTICALS GROUP CORP., LTD.",Ingredients,1H-43,Ingredients,not provided,detail.php?exid=C17152046&sidSuffix=s20260203221243470&previous=,CHINA,CN,cn,https://flagcdn.com/w40/cn.png,Asia
"Jiangsu Qingquan Chemical Co., Ltd",Ingredients,1D-07,Ingredients,not provided,detail.php?exid=CF23109327&sidSuffix=s20260203221243470&previous=,CHINA,CN,cn,https://flagcdn.com/w40/cn.png,Asia
Jiangsu SimPros Pharmaceuticals Ltd.,Ingredients,1C-03,Ingredients,not provided,detail.php?exid=CF25177308&sidSuffix=s20260203221243470&previous=,CHINA,CN,cn,https://flagcdn.com/w40/cn.png,Asia
"JiangSu WanZhen Pharmaceutical Technology co.,ltd.",Ingredients,3C-24,Ingredients,not provided,detail.php?exid=C18162670&sidSuffix=s20260203221243470&previous=,CHINA,CN,cn,https://flagcdn.com/w40/cn.png,Asia
JIANGSU ZENJI PHARMACEUTICALS LTD,Ingredients,3B-15,Ingredients,not provided,detail.php?exid=CF26162829&sidSuffix=s20260203221243470&previous=,CHINA,CN,cn,https://flagcdn.com/w40/cn.png,Asia
"Jiangxi Fangzun Pharmaceutical & Chemical Co., ltd",Ingredients,3B-27,Ingredients,not provided,detail.php?exid=CF26108851&sidSuffix=s20260203221243470&previous=,CHINA,CN,cn,https://flagcdn.com/w40/cn.png,Asia
"Jiangxi Fangzun Pharmaceutical & Chemical Co., ltd",Ingredients,3B-27,Ingredients,not provided,detail.php?exid=C17148353&sidSuffix=s20260203221243470&previous=,CHINA,CN,cn,https://flagcdn.com/w40/cn.png,Asia
"Jiangxi Guohua Pharmaceutical Technology Co., Ltd.",Ingredients,2K-27,Ingredients,not provided,detail.php?exid=CF26186594&sidSuffix=s20260203221243470&previous=,CHINA,CN,cn,https://flagcdn.com/w40/cn.png,Asia
"Jiangxi Synergy Pharmaceutical Co., Ltd.",Ingredients,2A-07,Ingredients,not provided,detail.php?exid=C14141990&sidSuffix=s20260203221243470&previous=,CHINA,CN,cn,https://flagcdn.com/w40/cn.png,Asia
"Jiangxi Synergy Pharmaceutical Co., Ltd.",Ingredients,2A-07,Ingredients,not provided,detail.php?exid=C14141990&sidSuffix=s20260203221243470&previous=,CHINA,CN,cn,https://flagcdn.com/w40/cn.png,Asia
"Jiaozuo Zhongwei Special Products Pharmaceutical Co., Ltd.",Ingredients,3A-33,Ingredients,not provided,not provided,CHINA,CN,cn,https://flagcdn.com/w40/cn.png,Asia
"Jinan Hong Sendi New Materials Co.,Ltd",Ingredients,3B-18,Ingredients,not provided,detail.php?exid=CF26156430&sidSuffix=s20260203221243470&previous=,CHINA,CN,cn,https://flagcdn.com/w40/cn.png,Asia
"JINAN MINGXIN PHARMACEUTICAL CO., LTD.",Ingredients,3B-31,Ingredients,not provided,detail.php?exid=CF26135808&sidSuffix=s20260203221243470&previous=,CHINA,CN,cn,https://flagcdn.com/w40/cn.png,Asia
"Jinan Shangbo Pharmaceutical Co., Ltd.",Ingredients,3B-19,Ingredients,not provided,detail.php?exid=CF25180770&sidSuffix=s20260203221243470&previous=,CHINA,CN,cn,https://flagcdn.com/w40/cn.png,Asia
"Jinan Wanxingda Chemical Co., Ltd.",Ingredients,3B-16,Ingredients,not provided,detail.php?exid=C17178795&sidSuffix=s20260203221243470&previous=,CHINA,CN,cn,https://flagcdn.com/w40/cn.png,Asia
"Jinzhou Weiyuan Sanyi Technology Co., LTD.",Ingredients,1F-50,Ingredients,not provided,detail.php?exid=CF26176364&sidSuffix=s20260203221243470&previous=,CHINA,CN,cn,https://flagcdn.com/w40/cn.png,Asia
JUBILANT INGREVIA,Outsourcing,1E-26,Outsourcing,not provided,detail.php?exid=C14016615&sidSuffix=s20260203221243470&previous=,INDIA,IN,in,https://flagcdn.com/w40/in.png,Asia
JUZEN CHEMICAL CORPORATION,Ingredients,2H-27,Ingredients,not provided,detail.php?exid=C14016192&sidSuffix=s20260203221243470&previous=,JAPAN,JP,jp,https://flagcdn.com/w40/jp.png,Asia
"K. SAKAI & CO., LTD.",Ingredients,1J-07,Ingredients,not provided,detail.php?exid=CF26124218&sidSuffix=s20260203221243470&previous=,JAPAN,JP,jp,https://flagcdn.com/w40/jp.png,Asia
KANEKA CORPORATION,Outsourcing,1D-27,Outsourcing,not provided,detail.php?exid=CF23119922&sidSuffix=s20260203221243470&previous=,JAPAN,JP,jp,https://flagcdn.com/w40/jp.png,Asia
"KATAYAMA SEIYAKUSYO CO., LTD.",Ingredients,2H-33,Ingredients,not provided,detail.php?exid=CF24104186&sidSuffix=s20260203221243470&previous=,JAPAN,JP,jp,https://flagcdn.com/w40/jp.png,Asia
"KATAYAMA SEIYAKUSYO CO., LTD.",Ingredients,2H-33,Ingredients,not provided,detail.php?exid=CF24104186&sidSuffix=s20260203221243470&previous=,JAPAN,JP,jp,https://flagcdn.com/w40/jp.png,Asia
"Katsura Sangyo Co., Ltd.",Bio Pharma,3G-08,Bio Pharma,not provided,detail.php?exid=CF26128423&sidSuffix=s20260203221243470&previous=,JAPAN,JP,jp,https://flagcdn.com/w40/jp.png,Asia
"KAWAGUCHI CHEMICAL INDUSTRY CO., LTD.",Ingredients,1J-03,Ingredients,1-(3-dimethylaminopropyl)-3-ethyl-,detail.php?exid=CF26179209&sidSuffix=s20260203221243470&previous=,JAPAN,JP,jp,https://flagcdn.com/w40/jp.png,Asia
"KAWAGUCHI CHEMICAL INDUSTRY CO., LTD.",Ingredients,1J-03,Ingredients,1-phenyl-2-mercaptobenzimidazole,detail.php?exid=CF26179209&sidSuffix=s20260203221243470&previous=,JAPAN,JP,jp,https://flagcdn.com/w40/jp.png,Asia
"Keisho Pharmaceutical Co., Ltd.",Ingredients,3E-44,Ingredients,not provided,detail.php?exid=CF26167553&sidSuffix=s20260203221243470&previous=,JAPAN,JP,jp,https://flagcdn.com/w40/jp.png,Asia
"Keylab (Jiangsu) Technology Co.,Ltd.",Ingredients,2K-35,Ingredients,not provided,detail.php?exid=CF24125069&sidSuffix=s20260203221243470&previous=,CHINA,CN,cn,https://flagcdn.com/w40/cn.png,Asia
"Kingchem (Liaoning) Life Science Co., Ltd",Ingredients,2B-06,Ingredients,not provided,detail.php?exid=C14018602&sidSuffix=s20260203221243470&previous=,CHINA,CN,cn,https://flagcdn.com/w40/cn.png,Asia
"Kingchem (Liaoning) Life Science Co., Ltd",Ingredients,2B-06,Ingredients,not provided,detail.php?exid=C14018602&sidSuffix=s20260203221243470&previous=,CHINA,CN,cn,https://flagcdn.com/w40/cn.png,Asia
"KNC Laboratories Co., Ltd.",Outsourcing,1F-03,Outsourcing,not provided,detail.php?exid=C14018768&sidSuffix=s20260203221243470&previous=,JAPAN,JP,jp,https://flagcdn.com/w40/jp.png,Asia
"KNC Laboratories Co., Ltd.",Outsourcing,1F-03,Outsourcing,not provided,detail.php?exid=C14018768&sidSuffix=s20260203221243470&previous=,JAPAN,JP,jp,https://flagcdn.com/w40/jp.png,Asia
"Koa Shoji Co., Ltd.",Ingredients,1F-04,Ingredients,not provided,detail.php?exid=C14016462&sidSuffix=s20260203221243470&previous=,JAPAN,JP,jp,https://flagcdn.com/w40/jp.png,Asia
"Koa Shoji Co., Ltd.",Ingredients,1F-04,Ingredients,not provided,detail.php?exid=C14016462&sidSuffix=s20260203221243470&previous=,JAPAN,JP,jp,https://flagcdn.com/w40/jp.png,Asia
"Koa Shoji Co., Ltd.",Ingredients,1F-04,Ingredients,not provided,detail.php?exid=C14016462&sidSuffix=s20260203221243470&previous=,JAPAN,JP,jp,https://flagcdn.com/w40/jp.png,Asia
"Koa Shoji Co., Ltd.",Ingredients,1F-04,Ingredients,not provided,detail.php?exid=C14017387&sidSuffix=s20260203221243470&previous=,CHINA,CN,cn,https://flagcdn.com/w40/cn.png,Asia
"KOBE FINECHEMICAL CO.,LTD.",Ingredients,2A-02,Ingredients,not provided,detail.php?exid=CF26133857&sidSuffix=s20260203221243470&previous=,CHINA,CN,cn,https://flagcdn.com/w40/cn.png,Asia
"KOBE FINECHEMICAL CO.,LTD.",Ingredients,2A-02,Ingredients,not provided,detail.php?exid=CF26182795&sidSuffix=s20260203221243470&previous=,JAPAN,JP,jp,https://flagcdn.com/w40/jp.png,Asia
"Kolon Life Science, Inc.",Ingredients,2B-22,Ingredients,not provided,detail.php?exid=C15113650&sidSuffix=s20260203221243470&previous=,SOUTH KOREA,KR,kr,https://flagcdn.com/w40/kr.png,Asia
"Kolon Life Science, Inc.",Ingredients,2B-22,Ingredients,not provided,detail.php?exid=C15113650&sidSuffix=s20260203221243470&previous=,SOUTH KOREA,KR,kr,https://flagcdn.com/w40/kr.png,Asia
"Kolon Life Science, Inc.",Ingredients,2B-22,Ingredients,not provided,detail.php?exid=C15113650&sidSuffix=s20260203221243470&previous=,SOUTH KOREA,KR,kr,https://flagcdn.com/w40/kr.png,Asia
Komatsu Airport Association,Bio Pharma,0.0000003,Bio Pharma,not provided,detail.php?exid=CF22124131&sidSuffix=s20260203221243470&previous=,JAPAN,JP,jp,https://flagcdn.com/w40/jp.png,Asia
Komatsu Airport Association,Bio Pharma,0.0000003,Bio Pharma,not provided,detail.php?exid=CF22124131&sidSuffix=s20260203221243470&previous=,JAPAN,JP,jp,https://flagcdn.com/w40/jp.png,Asia
"KONGO CHEMICAL CO., LTD.",Ingredients,2G-33,Ingredients,not provided,detail.php?exid=CF25110435&sidSuffix=s20260203221243470&previous=,JAPAN,JP,jp,https://flagcdn.com/w40/jp.png,Asia
"KONGO CHEMICAL CO., LTD.",Ingredients,2G-33,Ingredients,not provided,detail.php?exid=CF25110435&sidSuffix=s20260203221243470&previous=,JAPAN,JP,jp,https://flagcdn.com/w40/jp.png,Asia
"Konishiyasu Co.,Ltd.",Ingredients,2E-38,Ingredients,not provided,detail.php?exid=C18148379&sidSuffix=s20260203221243470&previous=,JAPAN,JP,jp,https://flagcdn.com/w40/jp.png,Asia
Korea Pharmaceutical Traders Association (KPTA),Ingredients,TBD,Ingredients,not provided,detail.php?exid=C14016420&sidSuffix=s20260203221243470&previous=,SOUTH KOREA,KR,kr,https://flagcdn.com/w40/kr.png,Asia
"KOUGEN SANGYO CO.,LTD",Outsourcing,1A-34,Outsourcing,not provided,detail.php?exid=CF23145159&sidSuffix=s20260203221243470&previous=,JAPAN,JP,jp,https://flagcdn.com/w40/jp.png,Asia
"Kuraray Co.,Ltd.",Outsourcing,1A-14,Outsourcing,not provided,detail.php?exid=CF24120420&sidSuffix=s20260203221243470&previous=,JAPAN,JP,jp,https://flagcdn.com/w40/jp.png,Asia
"Kuryuu Bio-Pharmaceuticals Co., Ltd.",Bio Pharma,3F-25,Bio Pharma,not provided,detail.php?exid=CF26113707&sidSuffix=s20260203221243470&previous=,JAPAN,JP,jp,https://flagcdn.com/w40/jp.png,Asia
Kyodo International Corporation,Ingredients,2B-30,Ingredients,not provided,detail.php?exid=CF24151835&sidSuffix=s20260203221243470&previous=,JAPAN,JP,jp,https://flagcdn.com/w40/jp.png,Asia
"Kyongbo Pharmaceutical Co., Ltd",Ingredients,3D-31,Ingredients,7-ACT for Ceftriaxone,detail.php?exid=C14018948&sidSuffix=s20260203221243470&previous=,SOUTH KOREA,KR,kr,https://flagcdn.com/w40/kr.png,Asia
"Kyongbo Pharmaceutical Co., Ltd",Ingredients,3D-31,Ingredients,7-ACT for Ceftriaxone,detail.php?exid=C14018948&sidSuffix=s20260203221243470&previous=,SOUTH KOREA,KR,kr,https://flagcdn.com/w40/kr.png,Asia
"Kyongbo Pharmaceutical Co., Ltd",Ingredients,3D-31,Ingredients,7-AMC for Cefroxadine,detail.php?exid=C14018948&sidSuffix=s20260203221243470&previous=,SOUTH KOREA,KR,kr,https://flagcdn.com/w40/kr.png,Asia
"Kyongbo Pharmaceutical Co., Ltd",Ingredients,3D-31,Ingredients,7-AMC for Cefroxadine,detail.php?exid=C14018948&sidSuffix=s20260203221243470&previous=,SOUTH KOREA,KR,kr,https://flagcdn.com/w40/kr.png,Asia
"Kyongbo Pharmaceutical Co., Ltd",Ingredients,3D-31,Ingredients,7-AMCA for Cefpodoxime,detail.php?exid=C14018948&sidSuffix=s20260203221243470&previous=,SOUTH KOREA,KR,kr,https://flagcdn.com/w40/kr.png,Asia
"Kyongbo Pharmaceutical Co., Ltd",Ingredients,3D-31,Ingredients,7-AMCA for Cefpodoxime,detail.php?exid=C14018948&sidSuffix=s20260203221243470&previous=,SOUTH KOREA,KR,kr,https://flagcdn.com/w40/kr.png,Asia
"Kyongbo Pharmaceutical Co., Ltd",Ingredients,3D-31,Ingredients,7-ANCA for Ceftizoxime and Ceftibuten,detail.php?exid=C14018948&sidSuffix=s20260203221243470&previous=,SOUTH KOREA,KR,kr,https://flagcdn.com/w40/kr.png,Asia
"Kyongbo Pharmaceutical Co., Ltd",Ingredients,3D-31,Ingredients,7-ANCA for Ceftizoxime and Ceftibuten,detail.php?exid=C14018948&sidSuffix=s20260203221243470&previous=,SOUTH KOREA,KR,kr,https://flagcdn.com/w40/kr.png,Asia
"Kyongbo Pharmaceutical Co., Ltd",Ingredients,3D-31,Ingredients,7-DMT for Cefotiam,detail.php?exid=C14018948&sidSuffix=s20260203221243470&previous=,SOUTH KOREA,KR,kr,https://flagcdn.com/w40/kr.png,Asia
"Kyongbo Pharmaceutical Co., Ltd",Ingredients,3D-31,Ingredients,7-DMT for Cefotiam,detail.php?exid=C14018948&sidSuffix=s20260203221243470&previous=,SOUTH KOREA,KR,kr,https://flagcdn.com/w40/kr.png,Asia
"KYOWA PHARMA CHEMICAL CO., LTD.",Ingredients,2H-21,Ingredients,not provided,detail.php?exid=CF22109474&sidSuffix=s20260203221243470&previous=,JAPAN,JP,jp,https://flagcdn.com/w40/jp.png,Asia
"KYOWA PHARMA CHEMICAL CO., LTD.",Ingredients,2H-21,Ingredients,not provided,detail.php?exid=CF22109474&sidSuffix=s20260203221243470&previous=,JAPAN,JP,jp,https://flagcdn.com/w40/jp.png,Asia
Labfit&Pharmapoli,Outsourcing,1B-45,Outsourcing,not provided,detail.php?exid=CF26158775&sidSuffix=s20260203221243470&previous=,PORTUGAL,PT,pt,https://flagcdn.com/w40/pt.png,Europe
LABORATORI ALCHEMIA,Ingredients,IT-04,Ingredients,not provided,detail.php?exid=C14018386&sidSuffix=s20260203221243470&previous=,ITALY,IT,it,https://flagcdn.com/w40/it.png,Europe
Laksh Finechem Pvt Ltd,Ingredients,2D-29,Ingredients,not provided,detail.php?exid=CF25162642&sidSuffix=s20260203221243470&previous=,INDIA,IN,in,https://flagcdn.com/w40/in.png,Asia
Laksh Finechem Pvt Ltd,Ingredients,2D-29,Ingredients,not provided,detail.php?exid=CF25162642&sidSuffix=s20260203221243470&previous=,INDIA,IN,in,https://flagcdn.com/w40/in.png,Asia
Lianhe Aigen Pharma,Ingredients,3D-25,Ingredients,not provided,detail.php?exid=C14016272&sidSuffix=s20260203221243470&previous=,CHINA,CN,cn,https://flagcdn.com/w40/cn.png,Asia
"LIANYUNGANG RIFENG CALCIUM&MAGNESIUM CO., LTD",Ingredients,1G-43,Ingredients,not provided,detail.php?exid=CF25164047&sidSuffix=s20260203221243470&previous=,CHINA,CN,cn,https://flagcdn.com/w40/cn.png,Asia
"LIFECOME BIOCHEMISTRY CO., LTD.",Ingredients,2B-44,Ingredients,not provided,detail.php?exid=CF26164716&sidSuffix=s20260203221243470&previous=,CHINA,CN,cn,https://flagcdn.com/w40/cn.png,Asia
Lonza,Outsourcing,1D-10,Outsourcing,not provided,detail.php?exid=C14016176&sidSuffix=s20260203221243470&previous=,JAPAN,JP,jp,https://flagcdn.com/w40/jp.png,Asia
Lonza,Outsourcing,1D-10,Outsourcing,not provided,detail.php?exid=C14016176&sidSuffix=s20260203221243470&previous=,JAPAN,JP,jp,https://flagcdn.com/w40/jp.png,Asia
Lonza,Outsourcing,1D-10,Outsourcing,not provided,detail.php?exid=C14016176&sidSuffix=s20260203221243470&previous=,JAPAN,JP,jp,https://flagcdn.com/w40/jp.png,Asia
"LUNAN NEW TIME BIO-TECH CO., LTD.",Ingredients,3A-04,Ingredients,not provided,detail.php?exid=CF24152421&sidSuffix=s20260203221243470&previous=,CHINA,CN,cn,https://flagcdn.com/w40/cn.png,Asia
"LUNAN NEW TIME BIO-TECH CO., LTD.",Ingredients,3A-04,Ingredients,not provided,detail.php?exid=CF24152421&sidSuffix=s20260203221243470&previous=,CHINA,CN,cn,https://flagcdn.com/w40/cn.png,Asia
Lupin Manufacturing Solutions Limited,Outsourcing,1B-44,Outsourcing,not provided,detail.php?exid=CF26188064&sidSuffix=s20260203221243470&previous=,INDIA,IN,in,https://flagcdn.com/w40/in.png,Asia
LUSOCHIMICA,Ingredients,IT-15,Ingredients,not provided,detail.php?exid=CF25183466&sidSuffix=s20260203221243470&previous=,PORTUGAL,PT,pt,https://flagcdn.com/w40/pt.png,Europe
MANAC Incorporated,Ingredients,2G-22,Ingredients,not provided,detail.php?exid=C14016193&sidSuffix=s20260203221243470&previous=,JAPAN,JP,jp,https://flagcdn.com/w40/jp.png,Asia
Manareco Japan,Ingredients,2D-07,Ingredients,not provided,detail.php?exid=CF23142193&sidSuffix=s20260203221243470&previous=,CHINA,CN,cn,https://flagcdn.com/w40/cn.png,Asia
Manareco Japan,Ingredients,2D-07,Ingredients,not provided,detail.php?exid=CF23142193&sidSuffix=s20260203221243470&previous=,CHINA,CN,cn,https://flagcdn.com/w40/cn.png,Asia
Manareco Japan,Ingredients,2D-07,Ingredients,not provided,detail.php?exid=CF23142193&sidSuffix=s20260203221243470&previous=,CHINA,CN,cn,https://flagcdn.com/w40/cn.png,Asia
MAR-FARMA,Ingredients,IT-14,Ingredients,not provided,detail.php?exid=CF26113408&sidSuffix=s20260203221243470&previous=,SPAIN,ES,es,https://flagcdn.com/w40/es.png,Europe
Marubeni Chemix Corporation,Ingredients,3C-50,Ingredients,not provided,detail.php?exid=CF26103531&sidSuffix=s20260203221243470&previous=,JAPAN,JP,jp,https://flagcdn.com/w40/jp.png,Asia
"MARUZEN CHEMICALS CO., LTD.",Ingredients,2D-35,Ingredients,not provided,detail.php?exid=C14017461&sidSuffix=s20260203221243470&previous=,JAPAN,JP,jp,https://flagcdn.com/w40/jp.png,Asia
"MARUZEN CHEMICALS CO., LTD.",Ingredients,2D-35,Ingredients,not provided,detail.php?exid=C14017461&sidSuffix=s20260203221243470&previous=,JAPAN,JP,jp,https://flagcdn.com/w40/jp.png,Asia
"MARUZEN CHEMICALS CO., LTD.",Ingredients,2D-35,Ingredients,not provided,detail.php?exid=C14017461&sidSuffix=s20260203221243470&previous=,JAPAN,JP,jp,https://flagcdn.com/w40/jp.png,Asia
Matrix Pharmacorp Private Limited,Ingredients,2E-32,Ingredients,not provided,detail.php?exid=C15125575&sidSuffix=s20260203221243470&previous=,INDIA,IN,in,https://flagcdn.com/w40/in.png,Asia
"MDL CHEMIPHARM CO.,LTD",Ingredients,2H-01,Ingredients,not provided,detail.php?exid=CF26135409&sidSuffix=s20260203221243470&previous=,SOUTH KOREA,KR,kr,https://flagcdn.com/w40/kr.png,Asia
Médecins du Monde Japan,Ingredients,3D-02,Ingredients,not provided,detail.php?exid=CF21110147&sidSuffix=s20260203221243470&previous=,JAPAN,JP,jp,https://flagcdn.com/w40/jp.png,Asia
MediumBank,Bio Pharma,3F-23,Bio Pharma,not provided,detail.php?exid=CF26139880&sidSuffix=s20260203221243470&previous=,JAPAN,JP,jp,https://flagcdn.com/w40/jp.png,Asia
Metrochem API Private Limited,Ingredients,1J-48,Ingredients,not provided,detail.php?exid=C14017458&sidSuffix=s20260203221243470&previous=,INDIA,IN,in,https://flagcdn.com/w40/in.png,Asia
Midas Pharma,Ingredients,2F-47,Ingredients,not provided,detail.php?exid=CF25153478&sidSuffix=s20260203221243470&previous=,JAPAN,JP,jp,https://flagcdn.com/w40/jp.png,Asia
Midas Pharma,Ingredients,2F-47,Ingredients,not provided,detail.php?exid=CF25153478&sidSuffix=s20260203221243470&previous=,JAPAN,JP,jp,https://flagcdn.com/w40/jp.png,Asia
Mie Prefecture Environmental Conservation Agency,Outsourcing,1F-01,Outsourcing,not provided,detail.php?exid=CF26114193&sidSuffix=s20260203221243470&previous=,JAPAN,JP,jp,https://flagcdn.com/w40/jp.png,Asia
MINAKEM SAS,Ingredients,2B-10,Ingredients,not provided,detail.php?exid=C18182394&sidSuffix=s20260203221243470&previous=,FRANCE,FR,fr,https://flagcdn.com/w40/fr.png,Europe
"Mitsui Fudosan Co., Ltd.",Bio Pharma,3G-21,Bio Pharma,not provided,detail.php?exid=CF25171168&sidSuffix=s20260203221243470&previous=,JAPAN,JP,jp,https://flagcdn.com/w40/jp.png,Asia
MOREPEN LABORATORIES LIMITED,Ingredients,2C-48,Ingredients,not provided,detail.php?exid=CF25181575&sidSuffix=s20260203221243470&previous=,INDIA,IN,in,https://flagcdn.com/w40/in.png,Asia
MSN LABORATORIES,Ingredients,3D-30,Ingredients,not provided,detail.php?exid=CF24174085&sidSuffix=s20260203221243470&previous=,INDIA,IN,in,https://flagcdn.com/w40/in.png,Asia
MSN LABORATORIES,Ingredients,3D-30,Ingredients,not provided,detail.php?exid=CF24174085&sidSuffix=s20260203221243470&previous=,INDIA,IN,in,https://flagcdn.com/w40/in.png,Asia
MUROMACHI CHEMICALS INC.,Ingredients,2F-26,Ingredients,not provided,detail.php?exid=C15174894&sidSuffix=s20260203221243470&previous=,JAPAN,JP,jp,https://flagcdn.com/w40/jp.png,Asia
MUROMACHI CHEMICALS INC.,Ingredients,2F-26,Ingredients,not provided,detail.php?exid=C15174894&sidSuffix=s20260203221243470&previous=,JAPAN,JP,jp,https://flagcdn.com/w40/jp.png,Asia
MUROMACHI CHEMICALS INC.,Ingredients,2F-26,Ingredients,not provided,detail.php?exid=C15174894&sidSuffix=s20260203221243470&previous=,JAPAN,JP,jp,https://flagcdn.com/w40/jp.png,Asia
"Nagase & Co., Ltd.",Ingredients,2G-36,Ingredients,not provided,detail.php?exid=C19190545&sidSuffix=s20260203221243470&previous=,JAPAN,JP,jp,https://flagcdn.com/w40/jp.png,Asia
"Nagase & Co., Ltd.",Ingredients,2G-36,Ingredients,not provided,detail.php?exid=C19190545&sidSuffix=s20260203221243470&previous=,JAPAN,JP,jp,https://flagcdn.com/w40/jp.png,Asia
"NAKAMURA SCIENTIFIC INSTRUMENT CO., LTD.",Ingredients,3C-47,Ingredients,not provided,detail.php?exid=CF25127128&sidSuffix=s20260203221243470&previous=,JAPAN,JP,jp,https://flagcdn.com/w40/jp.png,Asia
"NAKAMURA SCIENTIFIC INSTRUMENT CO., LTD.",Ingredients,3C-47,Ingredients,not provided,detail.php?exid=CF25127128&sidSuffix=s20260203221243470&previous=,JAPAN,JP,jp,https://flagcdn.com/w40/jp.png,Asia
"NAKAMURA TRADING (HONGKONG) CO., LTD",Ingredients,3D-45,Ingredients,not provided,detail.php?exid=CF26144681&sidSuffix=s20260203221243470&previous=,HONG KONG,HK,hk,https://flagcdn.com/w40/hk.png,Asia
"Namiki Shoji Co., Ltd.",Outsourcing,1C-41,Outsourcing,not provided,detail.php?exid=C16171548&sidSuffix=s20260203221243470&previous=,JAPAN,JP,jp,https://flagcdn.com/w40/jp.png,Asia
"Namiki Shoji Co., Ltd.",Outsourcing,1C-41,Outsourcing,not provided,detail.php?exid=C16171548&sidSuffix=s20260203221243470&previous=,JAPAN,JP,jp,https://flagcdn.com/w40/jp.png,Asia
"Namiki Shoji Co., Ltd.",Outsourcing,1C-41,Outsourcing,not provided,detail.php?exid=C16171548&sidSuffix=s20260203221243470&previous=,JAPAN,JP,jp,https://flagcdn.com/w40/jp.png,Asia
"Nanjing Dorra Pharmaceutical Technology Co., Ltd",Outsourcing,1B-05,Outsourcing,not provided,detail.php?exid=C14018823&sidSuffix=s20260203221243470&previous=,CHINA,CN,cn,https://flagcdn.com/w40/cn.png,Asia
Nanjing Joyin Pharmachem Co. Ltd.,Ingredients,3D-04,Ingredients,not provided,detail.php?exid=C15110853&sidSuffix=s20260203221243470&previous=,JAPAN,JP,jp,https://flagcdn.com/w40/jp.png,Asia
Nanjing Joyin Pharmachem Co. Ltd.,Ingredients,3D-04,Ingredients,not provided,detail.php?exid=C15110853&sidSuffix=s20260203221243470&previous=,JAPAN,JP,jp,https://flagcdn.com/w40/jp.png,Asia
Nanjing Joyin Pharmachem Co. Ltd.,Ingredients,3D-04,Ingredients,not provided,detail.php?exid=C15153622&sidSuffix=s20260203221243470&previous=,CHINA,CN,cn,https://flagcdn.com/w40/cn.png,Asia
"Nanjing Sincerity Chemical Co., Ltd",Ingredients,1H-50,Ingredients,not provided,detail.php?exid=CF26140522&sidSuffix=s20260203221243470&previous=,CHINA,CN,cn,https://flagcdn.com/w40/cn.png,Asia
NanoMicro,Ingredients,3C-17,Ingredients,not provided,detail.php?exid=CF26147549&sidSuffix=s20260203221243470&previous=,JAPAN,JP,jp,https://flagcdn.com/w40/jp.png,Asia
"NANTONG ACETIC ACID CHEMICAL CO., LTD.",Ingredients,1J-01,Ingredients,not provided,detail.php?exid=C14016665&sidSuffix=s20260203221243470&previous=,CHINA,CN,cn,https://flagcdn.com/w40/cn.png,Asia
"NANTONG ACETIC ACID CHEMICAL CO., LTD.",Ingredients,1J-01,Ingredients,not provided,detail.php?exid=C14016665&sidSuffix=s20260203221243470&previous=,CHINA,CN,cn,https://flagcdn.com/w40/cn.png,Asia
Navin Molecular,Outsourcing,1B-33,Outsourcing,not provided,detail.php?exid=CF25139385&sidSuffix=s20260203221243470&previous=,INDIA,IN,in,https://flagcdn.com/w40/in.png,Asia
Navin Molecular,Outsourcing,1B-33,Outsourcing,not provided,detail.php?exid=CF25139385&sidSuffix=s20260203221243470&previous=,INDIA,IN,in,https://flagcdn.com/w40/in.png,Asia
NCK A/S,Ingredients,3A-10,Ingredients,not provided,detail.php?exid=C14013688&sidSuffix=s20260203221243470&previous=,JAPAN,JP,jp,https://flagcdn.com/w40/jp.png,Asia
NCK A/S,Ingredients,3A-10,Ingredients,not provided,detail.php?exid=C14013688&sidSuffix=s20260203221243470&previous=,JAPAN,JP,jp,https://flagcdn.com/w40/jp.png,Asia
NCK A/S,Ingredients,3A-10,Ingredients,not provided,detail.php?exid=C14013688&sidSuffix=s20260203221243470&previous=,JAPAN,JP,jp,https://flagcdn.com/w40/jp.png,Asia
NCK A/S,Ingredients,3A-10,Ingredients,not provided,detail.php?exid=CF23166808&sidSuffix=s20260203221243470&previous=,RUSSIAN FEDERATION,RU,ru,https://flagcdn.com/w40/ru.png,Europe
NCK A/S,Ingredients,3A-10,Ingredients,not provided,detail.php?exid=CF23166808&sidSuffix=s20260203221243470&previous=,RUSSIAN FEDERATION,RU,ru,https://flagcdn.com/w40/ru.png,Europe
NCK A/S,Ingredients,3A-10,Ingredients,not provided,detail.php?exid=CF24122085&sidSuffix=s20260203221243470&previous=,DENMARK,DK,dk,https://flagcdn.com/w40/dk.png,Europe
NCK A/S,Ingredients,3A-10,Ingredients,not provided,detail.php?exid=CF24122085&sidSuffix=s20260203221243470&previous=,DENMARK,DK,dk,https://flagcdn.com/w40/dk.png,Europe
NCK A/S,Ingredients,3A-10,Ingredients,not provided,detail.php?exid=CF24122085&sidSuffix=s20260203221243470&previous=,DENMARK,DK,dk,https://flagcdn.com/w40/dk.png,Europe
NCK A/S,Ingredients,3A-10,Ingredients,not provided,detail.php?exid=CF21165656&sidSuffix=s20260203221243470&previous=,INDIA,IN,in,https://flagcdn.com/w40/in.png,Asia
NCK A/S,Ingredients,3A-10,Ingredients,not provided,detail.php?exid=C14177207&sidSuffix=s20260203221243470&previous=,USA,US,us,https://flagcdn.com/w40/us.png,North America
"NEO CHEMICAL CO., LTD",Outsourcing,1D-32,Outsourcing,not provided,detail.php?exid=F18116387&sidSuffix=s20260203221243470&previous=,JAPAN,JP,jp,https://flagcdn.com/w40/jp.png,Asia
"NEO CHEMICAL CO., LTD",Outsourcing,1D-32,Outsourcing,not provided,detail.php?exid=F18116387&sidSuffix=s20260203221243470&previous=,JAPAN,JP,jp,https://flagcdn.com/w40/jp.png,Asia
NEOGEN CHEMICALS,Ingredients,2C-04,Ingredients,not provided,detail.php?exid=C15120190&sidSuffix=s20260203221243470&previous=,INDIA,IN,in,https://flagcdn.com/w40/in.png,Asia
Neuland Laboratories K.K.,Ingredients,2G-10,Ingredients,not provided,detail.php?exid=C14018002&sidSuffix=s20260203221243470&previous=,JAPAN,JP,jp,https://flagcdn.com/w40/jp.png,Asia
NEUTEC Pharmaceutical,Ingredients,2C-35,Ingredients,not provided,detail.php?exid=CF26185767&sidSuffix=s20260203221243470&previous=,TURKIYE,TR,tr,https://flagcdn.com/w40/tr.png,Middle East
NewAtom Labs Private Limited,Outsourcing,1A-28,Outsourcing,not provided,detail.php?exid=CF25138083&sidSuffix=s20260203221243470&previous=,INDIA,IN,in,https://flagcdn.com/w40/in.png,Asia
NEWCHEM,Ingredients,IT-10,Ingredients,not provided,detail.php?exid=CF23197870&sidSuffix=s20260203221243470&previous=,SOUTH KOREA,KR,kr,https://flagcdn.com/w40/kr.png,Asia
"Nikko Chemicals Co., Ltd.",Ingredients,1H-31,Ingredients,not provided,detail.php?exid=CF25183586&sidSuffix=s20260203221243470&previous=,JAPAN,JP,jp,https://flagcdn.com/w40/jp.png,Asia
"Nikko Chemicals Co., Ltd.",Ingredients,1H-31,Ingredients,not provided,detail.php?exid=CF25183586&sidSuffix=s20260203221243470&previous=,JAPAN,JP,jp,https://flagcdn.com/w40/jp.png,Asia
"Nikko Chemicals Co., Ltd.",Ingredients,1H-31,Ingredients,not provided,detail.php?exid=CF25183586&sidSuffix=s20260203221243470&previous=,JAPAN,JP,jp,https://flagcdn.com/w40/jp.png,Asia
"Nikko Chemicals Co., Ltd.",Ingredients,1H-40,Ingredients,not provided,detail.php?exid=C14013997&sidSuffix=s20260203221243470&previous=,JAPAN,JP,jp,https://flagcdn.com/w40/jp.png,Asia
"Nikko Chemicals Co., Ltd.",Ingredients,1H-40,Ingredients,not provided,detail.php?exid=C14013997&sidSuffix=s20260203221243470&previous=,JAPAN,JP,jp,https://flagcdn.com/w40/jp.png,Asia
"Nikko Chemicals Co., Ltd.",Ingredients,1H-40,Ingredients,not provided,detail.php?exid=C14013997&sidSuffix=s20260203221243470&previous=,JAPAN,JP,jp,https://flagcdn.com/w40/jp.png,Asia
"NINGBO CHEMIK CO., LTD.",Ingredients,3C-30,Ingredients,not provided,detail.php?exid=CF24184512&sidSuffix=s20260203221243470&previous=,CHINA,CN,cn,https://flagcdn.com/w40/cn.png,Asia
Ningbo Fengrui Fine Chemical Ltd.,Ingredients,1F-04,Ingredients,not provided,detail.php?exid=C14016462&sidSuffix=s20260203221243470&previous=,JAPAN,JP,jp,https://flagcdn.com/w40/jp.png,Asia
Ningbo Fengrui Fine Chemical Ltd.,Ingredients,1F-04,Ingredients,not provided,detail.php?exid=C14016462&sidSuffix=s20260203221243470&previous=,JAPAN,JP,jp,https://flagcdn.com/w40/jp.png,Asia
Ningbo Fengrui Fine Chemical Ltd.,Ingredients,1F-04,Ingredients,not provided,detail.php?exid=C14016462&sidSuffix=s20260203221243470&previous=,JAPAN,JP,jp,https://flagcdn.com/w40/jp.png,Asia
Ningbo Fengrui Fine Chemical Ltd.,Ingredients,1F-04,Ingredients,not provided,detail.php?exid=C14017387&sidSuffix=s20260203221243470&previous=,CHINA,CN,cn,https://flagcdn.com/w40/cn.png,Asia
"NIPPOH CHEMICALS CO., LTD.",Ingredients,2C-36,Ingredients,not provided,detail.php?exid=C14014070&sidSuffix=s20260203221243470&previous=,JAPAN,JP,jp,https://flagcdn.com/w40/jp.png,Asia
"NIPPOH CHEMICALS CO., LTD.",Ingredients,2C-36,Ingredients,not provided,detail.php?exid=C14014070&sidSuffix=s20260203221243470&previous=,JAPAN,JP,jp,https://flagcdn.com/w40/jp.png,Asia
"NIPPOH CHEMICALS CO., LTD.",Ingredients,2C-36,Ingredients,not provided,detail.php?exid=C14014070&sidSuffix=s20260203221243470&previous=,JAPAN,JP,jp,https://flagcdn.com/w40/jp.png,Asia
"NIPPON BULK YAKUHIN CO., LTD",Ingredients,2C-02,Ingredients,not provided,detail.php?exid=C16176428&sidSuffix=s20260203221243470&previous=,JAPAN,JP,jp,https://flagcdn.com/w40/jp.png,Asia
"NIPPON BULK YAKUHIN CO., LTD",Ingredients,2C-02,Ingredients,not provided,detail.php?exid=C16176428&sidSuffix=s20260203221243470&previous=,JAPAN,JP,jp,https://flagcdn.com/w40/jp.png,Asia
"NIPPON BULK YAKUHIN CO., LTD",Ingredients,2C-02,Ingredients,not provided,detail.php?exid=C16176428&sidSuffix=s20260203221243470&previous=,JAPAN,JP,jp,https://flagcdn.com/w40/jp.png,Asia
"Nippon Light Metal Company, Ltd.",Ingredients,2A-41,Ingredients,not provided,detail.php?exid=C14018912&sidSuffix=s20260203221243470&previous=,JAPAN,JP,jp,https://flagcdn.com/w40/jp.png,Asia
"Nippon Rika Co.,Ltd.",Ingredients,2E-35,Ingredients,not provided,detail.php?exid=CF23129209&sidSuffix=s20260203221243470&previous=,JAPAN,JP,jp,https://flagcdn.com/w40/jp.png,Asia
"NIPPON SHOKUBAI CO., LTD.",Ingredients,1F-07,Ingredients,not provided,detail.php?exid=CF22169862&sidSuffix=s20260203221243470&previous=,JAPAN,JP,jp,https://flagcdn.com/w40/jp.png,Asia
"NIPPON SHOKUBAI CO., LTD.",Ingredients,1F-07,Ingredients,not provided,detail.php?exid=CF22169862&sidSuffix=s20260203221243470&previous=,JAPAN,JP,jp,https://flagcdn.com/w40/jp.png,Asia
"NIPPON SHOKUBAI CO., LTD.",Ingredients,1F-07,Ingredients,not provided,detail.php?exid=CF22169862&sidSuffix=s20260203221243470&previous=,JAPAN,JP,jp,https://flagcdn.com/w40/jp.png,Asia
"NIPPON SODA CO., LTD.",Ingredients,1H-36,Ingredients,not provided,detail.php?exid=C14016500&sidSuffix=s20260203221243470&previous=,JAPAN,JP,jp,https://flagcdn.com/w40/jp.png,Asia
"NIPPON SODA CO., LTD.",Ingredients,1H-36,Ingredients,not provided,detail.php?exid=C14016500&sidSuffix=s20260203221243470&previous=,JAPAN,JP,jp,https://flagcdn.com/w40/jp.png,Asia
"NIPPON SODA CO., LTD.",Ingredients,1H-36,Ingredients,not provided,detail.php?exid=C14016500&sidSuffix=s20260203221243470&previous=,JAPAN,JP,jp,https://flagcdn.com/w40/jp.png,Asia
"NISSO SHOJI CO., LTD.",Ingredients,2D-32,Ingredients,not provided,detail.php?exid=CF24132345&sidSuffix=s20260203221243470&previous=,JAPAN,JP,jp,https://flagcdn.com/w40/jp.png,Asia
"NISSO SHOJI CO., LTD.",Ingredients,2D-32,Ingredients,not provided,detail.php?exid=CF24132345&sidSuffix=s20260203221243470&previous=,JAPAN,JP,jp,https://flagcdn.com/w40/jp.png,Asia
NOF CORPORATION,Ingredients,2D-50,Ingredients,not provided,detail.php?exid=CF26101461&sidSuffix=s20260203221243470&previous=,JAPAN,JP,jp,https://flagcdn.com/w40/jp.png,Asia
Novartis Pharma,Ingredients,2J-01,Ingredients,not provided,detail.php?exid=CF23140983&sidSuffix=s20260203221243470&previous=,AUSTRIA,AT,at,https://flagcdn.com/w40/at.png,Europe
Novartis Pharma,Ingredients,2J-01,Ingredients,not provided,detail.php?exid=CF23140983&sidSuffix=s20260203221243470&previous=,AUSTRIA,AT,at,https://flagcdn.com/w40/at.png,Europe
Novopor Advanced Science Private Limited,Outsourcing,1B-46,Outsourcing,not provided,detail.php?exid=CF26106033&sidSuffix=s20260203221243470&previous=,INDIA,IN,in,https://flagcdn.com/w40/in.png,Asia
OC SPECIALITIES PVT. LTD.,Outsourcing,1B-32,Outsourcing,not provided,detail.php?exid=C18133867&sidSuffix=s20260203221243470&previous=,INDIA,IN,in,https://flagcdn.com/w40/in.png,Asia
OC SPECIALITIES PVT. LTD.,Outsourcing,1B-32,Outsourcing,not provided,detail.php?exid=C18133867&sidSuffix=s20260203221243470&previous=,INDIA,IN,in,https://flagcdn.com/w40/in.png,Asia
OC SPECIALITIES PVT. LTD.,Outsourcing,1B-32,Outsourcing,not provided,detail.php?exid=C18133867&sidSuffix=s20260203221243470&previous=,INDIA,IN,in,https://flagcdn.com/w40/in.png,Asia
Oceanic Pharmachem Pvt Ltd.,Outsourcing,3D-42,Outsourcing,not provided,detail.php?exid=CF25119221&sidSuffix=s20260203221243470&previous=,INDIA,IN,in,https://flagcdn.com/w40/in.png,Asia
Oceanic Pharmachem Pvt Ltd.,Outsourcing,3D-42,Outsourcing,not provided,detail.php?exid=CF25119221&sidSuffix=s20260203221243470&previous=,INDIA,IN,in,https://flagcdn.com/w40/in.png,Asia
OLIC (Thailand) Limited,Outsourcing,1A-32,Outsourcing,Contract Manufacturing Dosage Forms Service,detail.php?exid=CF25111013&sidSuffix=s20260203221243470&previous=,THAILAND,TH,th,https://flagcdn.com/w40/th.png,Asia
OLIC (Thailand) Limited,Outsourcing,1A-32,Outsourcing,Contract Manufacturing Package Services,detail.php?exid=CF25111013&sidSuffix=s20260203221243470&previous=,THAILAND,TH,th,https://flagcdn.com/w40/th.png,Asia
Olive Pharmascience LTD,Outsourcing,1D-48,Outsourcing,Alfacalcidol Soft Gels 0.25 mcg,detail.php?exid=CF26136397&sidSuffix=s20260203221243470&previous=,HONG KONG,HK,hk,https://flagcdn.com/w40/hk.png,Asia
Olive Pharmascience LTD,Outsourcing,1D-48,Outsourcing,Alfacalcidol Soft Gels 0.50 mcg,detail.php?exid=CF26136397&sidSuffix=s20260203221243470&previous=,HONG KONG,HK,hk,https://flagcdn.com/w40/hk.png,Asia
Olive Pharmascience LTD,Outsourcing,1D-48,Outsourcing,Alfacalcidol Soft Gels 1 mcg,detail.php?exid=CF26136397&sidSuffix=s20260203221243470&previous=,HONG KONG,HK,hk,https://flagcdn.com/w40/hk.png,Asia
"OLON S,p.A.",Ingredients,2E-33,Ingredients,not provided,detail.php?exid=C14018694&sidSuffix=s20260203221243470&previous=,ITALY,IT,it,https://flagcdn.com/w40/it.png,Europe
OneSource Specialty Pharma,Outsourcing,1A-39,Outsourcing,Drug-device combinations,detail.php?exid=CF26162908&sidSuffix=s20260203221243470&previous=,USA,US,us,https://flagcdn.com/w40/us.png,North America
OneSource Specialty Pharma,Outsourcing,1A-39,Outsourcing,Complex injectables,detail.php?exid=CF26162908&sidSuffix=s20260203221243470&previous=,USA,US,us,https://flagcdn.com/w40/us.png,North America
OneSource Specialty Pharma,Outsourcing,1A-39,Outsourcing,Biologics,detail.php?exid=CF26162908&sidSuffix=s20260203221243470&previous=,USA,US,us,https://flagcdn.com/w40/us.png,North America
OneSource Specialty Pharma,Outsourcing,1A-39,Outsourcing,Oral technologies (softgel capsules),detail.php?exid=CF26162908&sidSuffix=s20260203221243470&previous=,USA,US,us,https://flagcdn.com/w40/us.png,North America
OPOCRIN S.P.A.,Ingredients,IT-19,Ingredients,not provided,detail.php?exid=CF24134287&sidSuffix=s20260203221243470&previous=,ITALY,IT,it,https://flagcdn.com/w40/it.png,Europe
OSAKA YUKA INDUSTRY LTD.,Ingredients,2G-25,Ingredients,not provided,detail.php?exid=F19164706&sidSuffix=s20260203221243470&previous=,JAPAN,JP,jp,https://flagcdn.com/w40/jp.png,Asia
OSAKA YUKA INDUSTRY LTD.,Ingredients,2G-25,Ingredients,not provided,detail.php?exid=F19164706&sidSuffix=s20260203221243470&previous=,JAPAN,JP,jp,https://flagcdn.com/w40/jp.png,Asia
OSAKA YUKA INDUSTRY LTD.,Ingredients,2G-25,Ingredients,not provided,detail.php?exid=F19164706&sidSuffix=s20260203221243470&previous=,JAPAN,JP,jp,https://flagcdn.com/w40/jp.png,Asia
OZ International Inc.,Ingredients,3B-41,Ingredients,not provided,detail.php?exid=CF25121941&sidSuffix=s20260203221243470&previous=,INDIA,IN,in,https://flagcdn.com/w40/in.png,Asia
OZ International Inc.,Ingredients,3B-41,Ingredients,not provided,detail.php?exid=CF25121941&sidSuffix=s20260203221243470&previous=,INDIA,IN,in,https://flagcdn.com/w40/in.png,Asia
OZ International Inc.,Ingredients,3B-41,Ingredients,not provided,detail.php?exid=CF26143893&sidSuffix=s20260203221243470&previous=,JAPAN,JP,jp,https://flagcdn.com/w40/jp.png,Asia
Pacific Organic Pvt Ltd,Ingredients,2D-21,Ingredients,not provided,detail.php?exid=CF23113754&sidSuffix=s20260203221243470&previous=,INDIA,IN,in,https://flagcdn.com/w40/in.png,Asia
Pacific Organic Pvt Ltd,Ingredients,2D-21,Ingredients,not provided,detail.php?exid=CF23113754&sidSuffix=s20260203221243470&previous=,INDIA,IN,in,https://flagcdn.com/w40/in.png,Asia
Pacific Organic Pvt Ltd,Ingredients,2D-21,Ingredients,not provided,detail.php?exid=CF23113754&sidSuffix=s20260203221243470&previous=,INDIA,IN,in,https://flagcdn.com/w40/in.png,Asia
Patheon by Thermo Fisher Scientific,Outsourcing,1C-42,Outsourcing,not provided,detail.php?exid=C14016732&sidSuffix=s20260203221243470&previous=,USA,US,us,https://flagcdn.com/w40/us.png,North America
Paushak Limited,Ingredients,3D-37,Ingredients,not provided,detail.php?exid=CF25195245&sidSuffix=s20260203221243470&previous=,INDIA,IN,in,https://flagcdn.com/w40/in.png,Asia
"PERCHERON BIOCEUTICAL CO., LTD.",Ingredients,2D-47,Ingredients,not provided,detail.php?exid=CF26163028&sidSuffix=s20260203221243470&previous=,TAIWAN,TW,tw,https://flagcdn.com/w40/tw.png,Asia
Perfect Care,Ingredients,2C-09,Ingredients,CERVIRON ovules,detail.php?exid=CF24195185&sidSuffix=s20260203221243470&previous=,ROMANIA,RO,ro,https://flagcdn.com/w40/ro.png,Europe
Perfect Care,Ingredients,2C-09,Ingredients,CERVIRON ovules,detail.php?exid=CF24195185&sidSuffix=s20260203221243470&previous=,ROMANIA,RO,ro,https://flagcdn.com/w40/ro.png,Europe
Perfect Care,Ingredients,2C-09,Ingredients,CERVIRON ovules,detail.php?exid=CF24195185&sidSuffix=s20260203221243470&previous=,ROMANIA,RO,ro,https://flagcdn.com/w40/ro.png,Europe
Perfect Care,Ingredients,2C-09,Ingredients,HALOVA ovules,detail.php?exid=CF24195185&sidSuffix=s20260203221243470&previous=,ROMANIA,RO,ro,https://flagcdn.com/w40/ro.png,Europe
Perfect Care,Ingredients,2C-09,Ingredients,HALOVA ovules,detail.php?exid=CF24195185&sidSuffix=s20260203221243470&previous=,ROMANIA,RO,ro,https://flagcdn.com/w40/ro.png,Europe
Perfect Care,Ingredients,2C-09,Ingredients,HALOVA ovules,detail.php?exid=CF24195185&sidSuffix=s20260203221243470&previous=,ROMANIA,RO,ro,https://flagcdn.com/w40/ro.png,Europe
"Pharma Planning Co., Ltd.",Ingredients,2G-32,Ingredients,not provided,detail.php?exid=C16150477&sidSuffix=s20260203221243470&previous=,JAPAN,JP,jp,https://flagcdn.com/w40/jp.png,Asia
"Pharma Planning Co., Ltd.",Ingredients,2G-32,Ingredients,not provided,detail.php?exid=C16150477&sidSuffix=s20260203221243470&previous=,JAPAN,JP,jp,https://flagcdn.com/w40/jp.png,Asia
"PharmaBlock Sciences (Nanjing), Inc.",Ingredients,1C-11,Ingredients,not provided,detail.php?exid=CF25149084&sidSuffix=s20260203221243470&previous=,CHINA,CN,cn,https://flagcdn.com/w40/cn.png,Asia
PHT,Ingredients,2C-31,Ingredients,not provided,detail.php?exid=F20165937&sidSuffix=s20260203221243470&previous=,JAPAN,JP,jp,https://flagcdn.com/w40/jp.png,Asia
PI Health Sciences Ltd.,Outsourcing,0.0001,Outsourcing,not provided,detail.php?exid=CF24169650&sidSuffix=s20260203221243470&previous=,JAPAN,JP,jp,https://flagcdn.com/w40/jp.png,Asia
PI Health Sciences Ltd.,Outsourcing,0.0001,Outsourcing,not provided,detail.php?exid=CF24169650&sidSuffix=s20260203221243470&previous=,JAPAN,JP,jp,https://flagcdn.com/w40/jp.png,Asia
PI Health Sciences Ltd.,Outsourcing,0.0001,Outsourcing,not provided,detail.php?exid=CF24169650&sidSuffix=s20260203221243470&previous=,JAPAN,JP,jp,https://flagcdn.com/w40/jp.png,Asia
Piramal Pharma Solutions,Outsourcing,1C-32,Outsourcing,not provided,detail.php?exid=CF22133041&sidSuffix=s20260203221243470&previous=,USA,US,us,https://flagcdn.com/w40/us.png,North America
Piramal Pharma Solutions,Outsourcing,1C-32,Outsourcing,not provided,detail.php?exid=CF22133041&sidSuffix=s20260203221243470&previous=,USA,US,us,https://flagcdn.com/w40/us.png,North America
Piramal Pharma Solutions,Outsourcing,1C-32,Outsourcing,not provided,detail.php?exid=CF22133041&sidSuffix=s20260203221243470&previous=,USA,US,us,https://flagcdn.com/w40/us.png,North America
Porton Pharma Solutions Ltd.,Outsourcing,1B-38,Outsourcing,Advanced Therapy Medicinal Products CRO &,detail.php?exid=CF23118540&sidSuffix=s20260203221243470&previous=,CHINA,CN,cn,https://flagcdn.com/w40/cn.png,Asia
Porton Pharma Solutions Ltd.,Outsourcing,1B-38,Outsourcing,Advanced Therapy Medicinal Products CRO &,detail.php?exid=CF23118540&sidSuffix=s20260203221243470&previous=,CHINA,CN,cn,https://flagcdn.com/w40/cn.png,Asia
Porton Pharma Solutions Ltd.,Outsourcing,1B-38,Outsourcing,Advanced Therapy Medicinal Products CRO &,detail.php?exid=CF23118540&sidSuffix=s20260203221243470&previous=,CHINA,CN,cn,https://flagcdn.com/w40/cn.png,Asia
Porton Pharma Solutions Ltd.,Outsourcing,1B-38,Outsourcing,Biologics and Conjugates CDMO Services,detail.php?exid=CF23118540&sidSuffix=s20260203221243470&previous=,CHINA,CN,cn,https://flagcdn.com/w40/cn.png,Asia
Porton Pharma Solutions Ltd.,Outsourcing,1B-38,Outsourcing,Biologics and Conjugates CDMO Services,detail.php?exid=CF23118540&sidSuffix=s20260203221243470&previous=,CHINA,CN,cn,https://flagcdn.com/w40/cn.png,Asia
Porton Pharma Solutions Ltd.,Outsourcing,1B-38,Outsourcing,Biologics and Conjugates CDMO Services,detail.php?exid=CF23118540&sidSuffix=s20260203221243470&previous=,CHINA,CN,cn,https://flagcdn.com/w40/cn.png,Asia
Porton Pharma Solutions Ltd.,Outsourcing,1B-38,Outsourcing,Small Molecules CDMO Services,detail.php?exid=CF23118540&sidSuffix=s20260203221243470&previous=,CHINA,CN,cn,https://flagcdn.com/w40/cn.png,Asia
Porton Pharma Solutions Ltd.,Outsourcing,1B-38,Outsourcing,Small Molecules CDMO Services,detail.php?exid=CF23118540&sidSuffix=s20260203221243470&previous=,CHINA,CN,cn,https://flagcdn.com/w40/cn.png,Asia
Porton Pharma Solutions Ltd.,Outsourcing,1B-38,Outsourcing,Small Molecules CDMO Services,detail.php?exid=CF23118540&sidSuffix=s20260203221243470&previous=,CHINA,CN,cn,https://flagcdn.com/w40/cn.png,Asia
Porton Pharma Solutions Ltd.,Outsourcing,1B-38,Outsourcing,Tides CDMO Services,detail.php?exid=CF23118540&sidSuffix=s20260203221243470&previous=,CHINA,CN,cn,https://flagcdn.com/w40/cn.png,Asia
Porton Pharma Solutions Ltd.,Outsourcing,1B-38,Outsourcing,Tides CDMO Services,detail.php?exid=CF23118540&sidSuffix=s20260203221243470&previous=,CHINA,CN,cn,https://flagcdn.com/w40/cn.png,Asia
Porton Pharma Solutions Ltd.,Outsourcing,1B-38,Outsourcing,Tides CDMO Services,detail.php?exid=CF23118540&sidSuffix=s20260203221243470&previous=,CHINA,CN,cn,https://flagcdn.com/w40/cn.png,Asia
PProlife Bio Chemical Industries Pvt. Ltd.,Ingredients,3A-10,Ingredients,not provided,detail.php?exid=C14013688&sidSuffix=s20260203221243470&previous=,JAPAN,JP,jp,https://flagcdn.com/w40/jp.png,Asia
PProlife Bio Chemical Industries Pvt. Ltd.,Ingredients,3A-10,Ingredients,not provided,detail.php?exid=C14013688&sidSuffix=s20260203221243470&previous=,JAPAN,JP,jp,https://flagcdn.com/w40/jp.png,Asia
PProlife Bio Chemical Industries Pvt. Ltd.,Ingredients,3A-10,Ingredients,not provided,detail.php?exid=C14013688&sidSuffix=s20260203221243470&previous=,JAPAN,JP,jp,https://flagcdn.com/w40/jp.png,Asia
PProlife Bio Chemical Industries Pvt. Ltd.,Ingredients,3A-10,Ingredients,not provided,detail.php?exid=CF23166808&sidSuffix=s20260203221243470&previous=,RUSSIAN FEDERATION,RU,ru,https://flagcdn.com/w40/ru.png,Europe
PProlife Bio Chemical Industries Pvt. Ltd.,Ingredients,3A-10,Ingredients,not provided,detail.php?exid=CF23166808&sidSuffix=s20260203221243470&previous=,RUSSIAN FEDERATION,RU,ru,https://flagcdn.com/w40/ru.png,Europe
PProlife Bio Chemical Industries Pvt. Ltd.,Ingredients,3A-10,Ingredients,not provided,detail.php?exid=CF24122085&sidSuffix=s20260203221243470&previous=,DENMARK,DK,dk,https://flagcdn.com/w40/dk.png,Europe
PProlife Bio Chemical Industries Pvt. Ltd.,Ingredients,3A-10,Ingredients,not provided,detail.php?exid=CF24122085&sidSuffix=s20260203221243470&previous=,DENMARK,DK,dk,https://flagcdn.com/w40/dk.png,Europe
PProlife Bio Chemical Industries Pvt. Ltd.,Ingredients,3A-10,Ingredients,not provided,detail.php?exid=CF24122085&sidSuffix=s20260203221243470&previous=,DENMARK,DK,dk,https://flagcdn.com/w40/dk.png,Europe
PProlife Bio Chemical Industries Pvt. Ltd.,Ingredients,3A-10,Ingredients,not provided,detail.php?exid=CF21165656&sidSuffix=s20260203221243470&previous=,INDIA,IN,in,https://flagcdn.com/w40/in.png,Asia
PProlife Bio Chemical Industries Pvt. Ltd.,Ingredients,3A-10,Ingredients,not provided,detail.php?exid=C14177207&sidSuffix=s20260203221243470&previous=,USA,US,us,https://flagcdn.com/w40/us.png,North America
Pratap Organics Pvt. Ltd.,Ingredients,1J-26,Ingredients,"BROMINE DERIVATIVES, PHASE TRANSFER",detail.php?exid=C14019005&sidSuffix=s20260203221243470&previous=,INDIA,IN,in,https://flagcdn.com/w40/in.png,Asia
Pratap Organics Pvt. Ltd.,Ingredients,1J-26,Ingredients,"BROMINE DERIVATIVES, PHASE TRANSFER",detail.php?exid=C14019005&sidSuffix=s20260203221243470&previous=,INDIA,IN,in,https://flagcdn.com/w40/in.png,Asia
Pratap Organics Pvt. Ltd.,Ingredients,1J-26,Ingredients,"BROMINE DERIVATIVES, PHASE TRANSFER",detail.php?exid=C14019005&sidSuffix=s20260203221243470&previous=,INDIA,IN,in,https://flagcdn.com/w40/in.png,Asia
"Prince Pharmaceutical Co., Ltd.",Ingredients,1H-02,Ingredients,not provided,detail.php?exid=CF26105580&sidSuffix=s20260203221243470&previous=,TAIWAN,TW,tw,https://flagcdn.com/w40/tw.png,Asia
"Qi-Chem Co.,Ltd.",Ingredients,1G-41,Ingredients,not provided,detail.php?exid=C14018878&sidSuffix=s20260203221243470&previous=,TAIWAN,TW,tw,https://flagcdn.com/w40/tw.png,Asia
"Qingdao Bright Moon Seaweed Group Co.,Ltd",Ingredients,2J-25,Ingredients,not provided,detail.php?exid=CF24163603&sidSuffix=s20260203221243470&previous=,CHINA,CN,cn,https://flagcdn.com/w40/cn.png,Asia
"Qingdao Kingway Pharmtech Co.,Ltd.",Ingredients,2K-21,Ingredients,not provided,detail.php?exid=CF24143870&sidSuffix=s20260203221243470&previous=,CHINA,CN,cn,https://flagcdn.com/w40/cn.png,Asia
"Qingdao Union Fine Chemical Co., Ltd.",Ingredients,3A-06,Ingredients,not provided,detail.php?exid=CF26125956&sidSuffix=s20260203221243470&previous=,CHINA,CN,cn,https://flagcdn.com/w40/cn.png,Asia
Quotient Sciences,Outsourcing,1C-31,Outsourcing,not provided,detail.php?exid=CF24168686&sidSuffix=s20260203221243470&previous=,UNITED KINGDOM,GB,gb,https://flagcdn.com/w40/gb.png,Europe
Quotient Sciences,Outsourcing,1C-31,Outsourcing,not provided,detail.php?exid=CF24168686&sidSuffix=s20260203221243470&previous=,UNITED KINGDOM,GB,gb,https://flagcdn.com/w40/gb.png,Europe
Quotient Sciences,Outsourcing,1C-31,Outsourcing,not provided,detail.php?exid=CF24168686&sidSuffix=s20260203221243470&previous=,UNITED KINGDOM,GB,gb,https://flagcdn.com/w40/gb.png,Europe
R L FINE CHEM PVT LTD,Ingredients,3A-08,Ingredients,not provided,detail.php?exid=CF26107752&sidSuffix=s20260203221243470&previous=,INDIA,IN,in,https://flagcdn.com/w40/in.png,Asia
"RAPHAS JAPAN CO.,LTD.",Outsourcing,1C-50,Outsourcing,not provided,detail.php?exid=CF26192279&sidSuffix=s20260203221243470&previous=,JAPAN,JP,jp,https://flagcdn.com/w40/jp.png,Asia
Recipharm,Outsourcing,1B-21,Outsourcing,Development & manufacture - drug delivery,detail.php?exid=CF24132486&sidSuffix=s20260203221243470&previous=,SWEDEN,SE,se,https://flagcdn.com/w40/se.png,Europe
Recipharm,Outsourcing,1B-21,Outsourcing,Development & manufacture - drug delivery,detail.php?exid=CF24132486&sidSuffix=s20260203221243470&previous=,SWEDEN,SE,se,https://flagcdn.com/w40/se.png,Europe
Recipharm,Outsourcing,1B-21,Outsourcing,Development & manufacture - drug delivery,detail.php?exid=CF24132486&sidSuffix=s20260203221243470&previous=,SWEDEN,SE,se,https://flagcdn.com/w40/se.png,Europe
Recipharm,Outsourcing,1B-21,Outsourcing,Formulation Development,detail.php?exid=CF24132486&sidSuffix=s20260203221243470&previous=,SWEDEN,SE,se,https://flagcdn.com/w40/se.png,Europe
Recipharm,Outsourcing,1B-21,Outsourcing,Formulation Development,detail.php?exid=CF24132486&sidSuffix=s20260203221243470&previous=,SWEDEN,SE,se,https://flagcdn.com/w40/se.png,Europe
Recipharm,Outsourcing,1B-21,Outsourcing,Formulation Development,detail.php?exid=CF24132486&sidSuffix=s20260203221243470&previous=,SWEDEN,SE,se,https://flagcdn.com/w40/se.png,Europe
Recipharm,Outsourcing,1B-21,Outsourcing,Integrated technology platform,detail.php?exid=CF24132486&sidSuffix=s20260203221243470&previous=,SWEDEN,SE,se,https://flagcdn.com/w40/se.png,Europe
Recipharm,Outsourcing,1B-21,Outsourcing,Integrated technology platform,detail.php?exid=CF24132486&sidSuffix=s20260203221243470&previous=,SWEDEN,SE,se,https://flagcdn.com/w40/se.png,Europe
Recipharm,Outsourcing,1B-21,Outsourcing,Integrated technology platform,detail.php?exid=CF24132486&sidSuffix=s20260203221243470&previous=,SWEDEN,SE,se,https://flagcdn.com/w40/se.png,Europe
Recipharm,Outsourcing,1B-21,Outsourcing,Drug Product,detail.php?exid=CF24132486&sidSuffix=s20260203221243470&previous=,SWEDEN,SE,se,https://flagcdn.com/w40/se.png,Europe
Recipharm,Outsourcing,1B-21,Outsourcing,Drug Product,detail.php?exid=CF24132486&sidSuffix=s20260203221243470&previous=,SWEDEN,SE,se,https://flagcdn.com/w40/se.png,Europe
Recipharm,Outsourcing,1B-21,Outsourcing,Drug Product,detail.php?exid=CF24132486&sidSuffix=s20260203221243470&previous=,SWEDEN,SE,se,https://flagcdn.com/w40/se.png,Europe
Recipharm,Outsourcing,1B-21,Outsourcing,Drug Substance,detail.php?exid=CF24132486&sidSuffix=s20260203221243470&previous=,SWEDEN,SE,se,https://flagcdn.com/w40/se.png,Europe
Recipharm,Outsourcing,1B-21,Outsourcing,Drug Substance,detail.php?exid=CF24132486&sidSuffix=s20260203221243470&previous=,SWEDEN,SE,se,https://flagcdn.com/w40/se.png,Europe
Recipharm,Outsourcing,1B-21,Outsourcing,Drug Substance,detail.php?exid=CF24132486&sidSuffix=s20260203221243470&previous=,SWEDEN,SE,se,https://flagcdn.com/w40/se.png,Europe
REPORT OCEAN,Bio Pharma,3F-10,Bio Pharma,not provided,detail.php?exid=CF26110872&sidSuffix=s20260203221243470&previous=,INDIA,IN,in,https://flagcdn.com/w40/in.png,Asia
"Ricoh Biosciences, K.K.",Bio Pharma,3F-11,Bio Pharma,not provided,detail.php?exid=CF26170694&sidSuffix=s20260203221243470&previous=,JAPAN,JP,jp,https://flagcdn.com/w40/jp.png,Asia
"Ricoh Biosciences, K.K.",Bio Pharma,3F-11,Bio Pharma,not provided,detail.php?exid=CF22100828&sidSuffix=s20260203221243470&previous=,JAPAN,JP,jp,https://flagcdn.com/w40/jp.png,Asia
"Ricoh Company, Ltd.",Bio Pharma,3F-11,Bio Pharma,not provided,detail.php?exid=CF26170694&sidSuffix=s20260203221243470&previous=,JAPAN,JP,jp,https://flagcdn.com/w40/jp.png,Asia
"Ricoh Company, Ltd.",Bio Pharma,3F-11,Bio Pharma,not provided,detail.php?exid=CF22100828&sidSuffix=s20260203221243470&previous=,JAPAN,JP,jp,https://flagcdn.com/w40/jp.png,Asia
"RIVERSON & CO., LTD.",Ingredients,1J-42,Ingredients,not provided,detail.php?exid=C14016327&sidSuffix=s20260203221243470&previous=,JAPAN,JP,jp,https://flagcdn.com/w40/jp.png,Asia
"RIVERSON & CO., LTD.",Ingredients,1J-42,Ingredients,not provided,detail.php?exid=C14016327&sidSuffix=s20260203221243470&previous=,JAPAN,JP,jp,https://flagcdn.com/w40/jp.png,Asia
"RIVERSON & CO., LTD.",Ingredients,1J-42,Ingredients,not provided,detail.php?exid=C14016327&sidSuffix=s20260203221243470&previous=,JAPAN,JP,jp,https://flagcdn.com/w40/jp.png,Asia
Rockwood Lithium Japan K.K.,Ingredients,2A-43,Ingredients,not provided,detail.php?exid=CF26120512&sidSuffix=s20260203221243470&previous=,JAPAN,JP,jp,https://flagcdn.com/w40/jp.png,Asia
SAGAR LIFE SCIENCES Pvt Ltd,Ingredients,2D-23,Ingredients,not provided,detail.php?exid=CF24134005&sidSuffix=s20260203221243470&previous=,INDIA,IN,in,https://flagcdn.com/w40/in.png,Asia
Sai Life Sciences,Outsourcing,1D-28,Outsourcing,not provided,detail.php?exid=C14016863&sidSuffix=s20260203221243470&previous=,INDIA,IN,in,https://flagcdn.com/w40/in.png,Asia
Sai Life Sciences,Outsourcing,1D-28,Outsourcing,not provided,detail.php?exid=C14016863&sidSuffix=s20260203221243470&previous=,INDIA,IN,in,https://flagcdn.com/w40/in.png,Asia
Sainor Laboratories Pvt.Ltd.,Ingredients,3F-45,Ingredients,not provided,detail.php?exid=CF23160049&sidSuffix=s20260203221243470&previous=,INDIA,IN,in,https://flagcdn.com/w40/in.png,Asia
Sainor Laboratories Pvt.Ltd.,Ingredients,3F-45,Ingredients,not provided,detail.php?exid=CF23160049&sidSuffix=s20260203221243470&previous=,INDIA,IN,in,https://flagcdn.com/w40/in.png,Asia
Salvavidas Pharmaceutical Pvt Ltd,Ingredients,3E-42,Ingredients,Cabozantinib S-Maleate,detail.php?exid=CF25183906&sidSuffix=s20260203221243470&previous=,INDIA,IN,in,https://flagcdn.com/w40/in.png,Asia
Salvavidas Pharmaceutical Pvt Ltd,Ingredients,3E-42,Ingredients,Etomidate,detail.php?exid=CF25183906&sidSuffix=s20260203221243470&previous=,INDIA,IN,in,https://flagcdn.com/w40/in.png,Asia
Salvavidas Pharmaceutical Pvt Ltd,Ingredients,3E-42,Ingredients,Gemcitabine hydrochloride,detail.php?exid=CF25183906&sidSuffix=s20260203221243470&previous=,INDIA,IN,in,https://flagcdn.com/w40/in.png,Asia
Salvavidas Pharmaceutical Pvt Ltd,Ingredients,3E-42,Ingredients,Levo Salbutamol Sulfate,detail.php?exid=CF25183906&sidSuffix=s20260203221243470&previous=,INDIA,IN,in,https://flagcdn.com/w40/in.png,Asia
Salvavidas Pharmaceutical Pvt Ltd,Ingredients,3E-42,Ingredients,Salbutamol Sulphate,detail.php?exid=CF25183906&sidSuffix=s20260203221243470&previous=,INDIA,IN,in,https://flagcdn.com/w40/in.png,Asia
SANTAI CORPORATION,Ingredients,2B-03,Ingredients,not provided,detail.php?exid=CF24134793&sidSuffix=s20260203221243470&previous=,JAPAN,JP,jp,https://flagcdn.com/w40/jp.png,Asia
"SANYO FINE CO., LTD.",Ingredients,2G-39,Ingredients,not provided,detail.php?exid=CF23149900&sidSuffix=s20260203221243470&previous=,JAPAN,JP,jp,https://flagcdn.com/w40/jp.png,Asia
"SANYO FINE CO., LTD.",Ingredients,2G-39,Ingredients,not provided,detail.php?exid=CF23149900&sidSuffix=s20260203221243470&previous=,JAPAN,JP,jp,https://flagcdn.com/w40/jp.png,Asia
SCIEX,Bio Pharma,3H-27,Bio Pharma,not provided,detail.php?exid=C14018888&sidSuffix=s20260203221243470&previous=,USA,US,us,https://flagcdn.com/w40/us.png,North America
Scimplify Japan Inc.,Ingredients,2C-01,Ingredients,not provided,detail.php?exid=CF22189824&sidSuffix=s20260203221243470&previous=,JAPAN,JP,jp,https://flagcdn.com/w40/jp.png,Asia
"ScinoPharm Taiwan, Ltd.",Ingredients,2F-07,Ingredients,not provided,detail.php?exid=C17198252&sidSuffix=s20260203221243470&previous=,TAIWAN,TW,tw,https://flagcdn.com/w40/tw.png,Asia
"ScinoPharm Taiwan, Ltd.",Ingredients,2F-07,Ingredients,not provided,detail.php?exid=C17198252&sidSuffix=s20260203221243470&previous=,TAIWAN,TW,tw,https://flagcdn.com/w40/tw.png,Asia
"SEKISUI MEDICAL CO., LTD.",Ingredients,1J-22,Ingredients,not provided,detail.php?exid=C14017176&sidSuffix=s20260203221243470&previous=,JAPAN,JP,jp,https://flagcdn.com/w40/jp.png,Asia
"SEKISUI MEDICAL CO., LTD.",Ingredients,1J-22,Ingredients,not provided,detail.php?exid=C14017176&sidSuffix=s20260203221243470&previous=,JAPAN,JP,jp,https://flagcdn.com/w40/jp.png,Asia
"SEKISUI MEDICAL CO., LTD.",Ingredients,1J-22,Ingredients,not provided,detail.php?exid=C14017176&sidSuffix=s20260203221243470&previous=,JAPAN,JP,jp,https://flagcdn.com/w40/jp.png,Asia
Shandong Biocom Pharmaceutical Co. Ltd,Ingredients,1F-43,Ingredients,not provided,detail.php?exid=CF26189343&sidSuffix=s20260203221243470&previous=,CHINA,CN,cn,https://flagcdn.com/w40/cn.png,Asia
"SHANDONG BOYUAN PHARMACEUTICAL CO.,LTD.",Ingredients,1H-47,Ingredients,not provided,not provided,CHINA,CN,cn,https://flagcdn.com/w40/cn.png,Asia
Shandong Chenghui Shuangda Pharmaceutical,Ingredients,1C-08,Ingredients,not provided,detail.php?exid=CF25140769&sidSuffix=s20260203221243470&previous=,CHINA,CN,cn,https://flagcdn.com/w40/cn.png,Asia
"SHANDONG DYCK BIOTECH CO.,LTD",Ingredients,1C-26,Ingredients,not provided,detail.php?exid=CF24110895&sidSuffix=s20260203221243470&previous=,CHINA,CN,cn,https://flagcdn.com/w40/cn.png,Asia
"Shandong Huihai Pharmaceutical and Chemical Co., Ltd.",Ingredients,1B-10,Ingredients,not provided,detail.php?exid=CF26161682&sidSuffix=s20260203221243470&previous=,CHINA,CN,cn,https://flagcdn.com/w40/cn.png,Asia
"Shandong Keyuan Pharmaceutical Co., Ltd.",Outsourcing,1A-26,Outsourcing,not provided,detail.php?exid=CF24149763&sidSuffix=s20260203221243470&previous=,CHINA,CN,cn,https://flagcdn.com/w40/cn.png,Asia
"Shandong Keyuan Pharmaceutical Co., Ltd.",Outsourcing,1A-26,Outsourcing,not provided,detail.php?exid=CF24149763&sidSuffix=s20260203221243470&previous=,CHINA,CN,cn,https://flagcdn.com/w40/cn.png,Asia
"SHANDONG OUCHEM CO., LTD.",Ingredients,1H-45,Ingredients,not provided,detail.php?exid=CF25188104&sidSuffix=s20260203221243470&previous=,CHINA,CN,cn,https://flagcdn.com/w40/cn.png,Asia
"Shandong Shining Pharm Co., Ltd.",Ingredients,3C-21,Ingredients,not provided,detail.php?exid=CF24138550&sidSuffix=s20260203221243470&previous=,CHINA,CN,cn,https://flagcdn.com/w40/cn.png,Asia
Shandong Xingshun New Material Co Ltd,Ingredients,2K-31,Ingredients,not provided,detail.php?exid=CF26186390&sidSuffix=s20260203221243470&previous=,CHINA,CN,cn,https://flagcdn.com/w40/cn.png,Asia
"Shandong Yanggu Liya New Material Co., Ltd.",Ingredients,3A-22,Ingredients,not provided,detail.php?exid=CF26158584&sidSuffix=s20260203221243470&previous=,CHINA,CN,cn,https://flagcdn.com/w40/cn.png,Asia
Shanghai Chemspec Corporation,Ingredients,2B-01,Ingredients,"(1R,4S)-7-(hydroxymethyl)bicyclo[2.2.1]",detail.php?exid=C14016626&sidSuffix=s20260203221243470&previous=,CHINA,CN,cn,https://flagcdn.com/w40/cn.png,Asia
Shanghai Chemspec Corporation,Ingredients,2B-01,Ingredients,(2-(chloromethoxy)ethyl)trimethylsilane,detail.php?exid=C14016626&sidSuffix=s20260203221243470&previous=,CHINA,CN,cn,https://flagcdn.com/w40/cn.png,Asia
Shanghai Chemspec Corporation,Ingredients,2B-01,Ingredients,(2-chloro-5-(trifluoromethyl)phenyl)methanol,detail.php?exid=C14016626&sidSuffix=s20260203221243470&previous=,CHINA,CN,cn,https://flagcdn.com/w40/cn.png,Asia
Shanghai Chemspec Corporation,Ingredients,2B-01,Ingredients,(2-chlorophenyl)(4-chlorophenyl)(pyrimidin-,detail.php?exid=C14016626&sidSuffix=s20260203221243470&previous=,CHINA,CN,cn,https://flagcdn.com/w40/cn.png,Asia
Shanghai Chemspec Corporation,Ingredients,2B-01,Ingredients,(2-chlorophenyl)(4-chlorophenyl)(pyrimidin-,detail.php?exid=C14016626&sidSuffix=s20260203221243470&previous=,CHINA,CN,cn,https://flagcdn.com/w40/cn.png,Asia
"Shanghai Chenpu Biotech Co., Ltd.",Ingredients,2H-24,Ingredients,not provided,detail.php?exid=CF24199097&sidSuffix=s20260203221243470&previous=,CHINA,CN,cn,https://flagcdn.com/w40/cn.png,Asia
"Shanghai Domen International Co., Ltd.",Ingredients,1H-44,Ingredients,not provided,detail.php?exid=F17161933&sidSuffix=s20260203221243470&previous=,CHINA,CN,cn,https://flagcdn.com/w40/cn.png,Asia
"Shanghai Eyougene Biotechnology Development Co., Ltd.",Outsourcing,1C-24,Outsourcing,not provided,detail.php?exid=CF26162607&sidSuffix=s20260203221243470&previous=,CHINA,CN,cn,https://flagcdn.com/w40/cn.png,Asia
"Shanghai Fuxin Pharmaceutical Co., Ltd.",Ingredients,2J-27,Ingredients,not provided,detail.php?exid=CF25189408&sidSuffix=s20260203221243470&previous=,CHINA,CN,cn,https://flagcdn.com/w40/cn.png,Asia
"Shanghai Haoyuan Chemexpress Co., Ltd.",Ingredients,1E-42,Ingredients,not provided,detail.php?exid=C20179424&sidSuffix=s20260203221243470&previous=,CHINA,CN,cn,https://flagcdn.com/w40/cn.png,Asia
"Shanghai Hohance Chemical Co.,Ltd.",Ingredients,0.1,Ingredients,not provided,detail.php?exid=CF25143322&sidSuffix=s20260203221243470&previous=,CHINA,CN,cn,https://flagcdn.com/w40/cn.png,Asia
Shanghai Pharma Group Changzhou Kony Pharmaceutical,Ingredients,3B-36,Ingredients,not provided,detail.php?exid=C17117977&sidSuffix=s20260203221243470&previous=,CHINA,CN,cn,https://flagcdn.com/w40/cn.png,Asia
"Shanghai Rui Yun Chemical Technology Co., Ltd",Ingredients,2K-19,Ingredients,not provided,detail.php?exid=C17117977&sidSuffix=s20260203221243470&previous=,CHINA,CN,cn,https://flagcdn.com/w40/cn.png,Asia
"Shanghai Sinofluoro Chemicals Co., Ltd.",Ingredients,2G-02,Ingredients,2-Bromoheptafluoropropane intermediates,detail.php?exid=C14018260&sidSuffix=s20260203221243470&previous=,CHINA,CN,cn,https://flagcdn.com/w40/cn.png,Asia
"Shanghai Sinofluoro Chemicals Co., Ltd.",Ingredients,2G-02,Ingredients,2-Bromoheptafluoropropane intermediates,detail.php?exid=C14018260&sidSuffix=s20260203221243470&previous=,CHINA,CN,cn,https://flagcdn.com/w40/cn.png,Asia
"Shanghai Sinofluoro Chemicals Co., Ltd.",Ingredients,2G-02,Ingredients,Methylpentafluoropropionate other active,detail.php?exid=C14018260&sidSuffix=s20260203221243470&previous=,CHINA,CN,cn,https://flagcdn.com/w40/cn.png,Asia
"Shanghai Sinofluoro Chemicals Co., Ltd.",Ingredients,2G-02,Ingredients,Methylpentafluoropropionate other active,detail.php?exid=C14018260&sidSuffix=s20260203221243470&previous=,CHINA,CN,cn,https://flagcdn.com/w40/cn.png,Asia
"Shanghai Tajilin Industrial Co.,Ltd",Ingredients,3B-22,Ingredients,not provided,detail.php?exid=CF25105324&sidSuffix=s20260203221243470&previous=,CHINA,CN,cn,https://flagcdn.com/w40/cn.png,Asia
"Shanghai Record Pharmaceutials Co,.Ltd",Ingredients,2K-20,Ingredients,not provided,detail.php?exid=CF25175036&sidSuffix=s20260203221243470&previous=,CHINA,CN,cn,https://flagcdn.com/w40/cn.png,Asia
"Shanghai Record Pharmaceutials Co,.Ltd",Ingredients,2K-20,Ingredients,not provided,detail.php?exid=CF25176060&sidSuffix=s20260203221243470&previous=,CHINA,CN,cn,https://flagcdn.com/w40/cn.png,Asia
"Shanxi Xintianyuan Pharmaceutical Co., Ltd",Ingredients,2H-26,Ingredients,not provided,detail.php?exid=C14018056&sidSuffix=s20260203221243470&previous=,CHINA,CN,cn,https://flagcdn.com/w40/cn.png,Asia
"Shaoxing Zejun Pharmaceuticals Co., Ltd",Ingredients,3A-20,Ingredients,not provided,detail.php?exid=CF26110022&sidSuffix=s20260203221243470&previous=,CHINA,CN,cn,https://flagcdn.com/w40/cn.png,Asia
Shenyang Photosensitive Chemical Research Institute,Ingredients,3A-36,Ingredients,not provided,detail.php?exid=CF25151646&sidSuffix=s20260203221243470&previous=,CHINA,CN,cn,https://flagcdn.com/w40/cn.png,Asia
"Shenzhen China Resources Gosun Pharmaceuticals Co., Ltd",Ingredients,3C-29,Ingredients,not provided,detail.php?exid=CF24175699&sidSuffix=s20260203221243470&previous=,CHINA,CN,cn,https://flagcdn.com/w40/cn.png,Asia
"Shenzhen JYMed Technology Co.,Ltd.",Outsourcing,1A-01,Outsourcing,not provided,detail.php?exid=CF24189151&sidSuffix=s20260203221243470&previous=,CHINA,CN,cn,https://flagcdn.com/w40/cn.png,Asia
"Shijiazhuang Jirong Pharmaceutical Co.,Ltd",Ingredients,3C-22,Ingredients,not provided,detail.php?exid=CF24185639&sidSuffix=s20260203221243470&previous=,CHINA,CN,cn,https://flagcdn.com/w40/cn.png,Asia
"Shijiazhuang Lonzeal Pharmaceuticals Co., Ltd",Ingredients,3F-44,Ingredients,not provided,detail.php?exid=CF25115802&sidSuffix=s20260203221243470&previous=,CHINA,CN,cn,https://flagcdn.com/w40/cn.png,Asia
Shilpa Medicare,Ingredients,3D-36,Ingredients,not provided,detail.php?exid=CF23162124&sidSuffix=s20260203221243470&previous=,INDIA,IN,in,https://flagcdn.com/w40/in.png,Asia
"Shima Trading Co.,Ltd.",Ingredients,1J-37,Ingredients,not provided,detail.php?exid=CF24165393&sidSuffix=s20260203221243470&previous=,JAPAN,JP,jp,https://flagcdn.com/w40/jp.png,Asia
"Shin Nippon Yakugyo Co., Ltd.",Ingredients,1F-38,Ingredients,"Development, Import & Sales",detail.php?exid=C14014662&sidSuffix=s20260203221243470&previous=,JAPAN,JP,jp,https://flagcdn.com/w40/jp.png,Asia
"Shin Nippon Yakugyo Co., Ltd.",Ingredients,1F-38,Ingredients,"Development, Import & Sales",detail.php?exid=C14014662&sidSuffix=s20260203221243470&previous=,JAPAN,JP,jp,https://flagcdn.com/w40/jp.png,Asia
"Shin Nippon Yakugyo Co., Ltd.",Ingredients,1F-38,Ingredients,GMP Warehouse,detail.php?exid=C14014662&sidSuffix=s20260203221243470&previous=,JAPAN,JP,jp,https://flagcdn.com/w40/jp.png,Asia
"Shin Nippon Yakugyo Co., Ltd.",Ingredients,1F-38,Ingredients,GMP Warehouse,detail.php?exid=C14014662&sidSuffix=s20260203221243470&previous=,JAPAN,JP,jp,https://flagcdn.com/w40/jp.png,Asia
"Shin Nippon Yakugyo Co., Ltd.",Ingredients,1F-38,Ingredients,Quality Tests,detail.php?exid=C14014662&sidSuffix=s20260203221243470&previous=,JAPAN,JP,jp,https://flagcdn.com/w40/jp.png,Asia
"Shin Nippon Yakugyo Co., Ltd.",Ingredients,1F-38,Ingredients,Quality Tests,detail.php?exid=C14014662&sidSuffix=s20260203221243470&previous=,JAPAN,JP,jp,https://flagcdn.com/w40/jp.png,Asia
"Shin Nippon Yakugyo Co., Ltd.",Ingredients,1F-38,Ingredients,Various Pharmaceutical Registrations,detail.php?exid=C14014662&sidSuffix=s20260203221243470&previous=,JAPAN,JP,jp,https://flagcdn.com/w40/jp.png,Asia
"Shin Nippon Yakugyo Co., Ltd.",Ingredients,1F-38,Ingredients,Various Pharmaceutical Registrations,detail.php?exid=C14014662&sidSuffix=s20260203221243470&previous=,JAPAN,JP,jp,https://flagcdn.com/w40/jp.png,Asia
"Shin-Etsu Chemical Co.,Ltd.",Ingredients,1J-35,Ingredients,not provided,detail.php?exid=CF22118641&sidSuffix=s20260203221243470&previous=,JAPAN,JP,jp,https://flagcdn.com/w40/jp.png,Asia
"Shinritsu Chemical Co.,Ltd",Outsourcing,1B-26,Outsourcing,not provided,detail.php?exid=CF25123966&sidSuffix=s20260203221243470&previous=,JAPAN,JP,jp,https://flagcdn.com/w40/jp.png,Asia
Shiono Finesse Ltd.,Ingredients,1J-04,Ingredients,not provided,detail.php?exid=CF24117089&sidSuffix=s20260203221243470&previous=,JAPAN,JP,jp,https://flagcdn.com/w40/jp.png,Asia
Shiono Finesse Ltd.,Ingredients,1J-04,Ingredients,not provided,detail.php?exid=CF24117089&sidSuffix=s20260203221243470&previous=,JAPAN,JP,jp,https://flagcdn.com/w40/jp.png,Asia
"Shionogi Pharma Co., Ltd.",Outsourcing,1E-20,Outsourcing,not provided,detail.php?exid=C14017484&sidSuffix=s20260203221243470&previous=,JAPAN,JP,jp,https://flagcdn.com/w40/jp.png,Asia
"Shionogi Pharma Co., Ltd.",Outsourcing,1E-20,Outsourcing,not provided,detail.php?exid=C14017484&sidSuffix=s20260203221243470&previous=,JAPAN,JP,jp,https://flagcdn.com/w40/jp.png,Asia
"Shionogi Pharma Co., Ltd.",Outsourcing,1E-20,Outsourcing,not provided,detail.php?exid=C14017484&sidSuffix=s20260203221243470&previous=,JAPAN,JP,jp,https://flagcdn.com/w40/jp.png,Asia
"SHIRATORI PHARMACEUTICAL CO.,LTD.",Ingredients,2F-22,Ingredients,not provided,detail.php?exid=C14016492&sidSuffix=s20260203221243470&previous=,JAPAN,JP,jp,https://flagcdn.com/w40/jp.png,Asia
"SHIRATORI PHARMACEUTICAL CO.,LTD.",Ingredients,2F-22,Ingredients,not provided,not provided,JAPAN,JP,jp,https://flagcdn.com/w40/jp.png,Asia
"SHIRATORI PHARMACEUTICAL CO.,LTD.",Ingredients,2F-22,Ingredients,not provided,not provided,JAPAN,JP,jp,https://flagcdn.com/w40/jp.png,Asia
"SHIRATORI PHARMACEUTICAL CO.,LTD.",Ingredients,2F-22,Ingredients,not provided,not provided,JAPAN,JP,jp,https://flagcdn.com/w40/jp.png,Asia
"SHOKA PHARMACY CO.,LTD.",Ingredients,2D-44,Ingredients,not provided,detail.php?exid=CF25142526&sidSuffix=s20260203221243470&previous=,JAPAN,JP,jp,https://flagcdn.com/w40/jp.png,Asia
Shonan Health Innovation Park,Bio Pharma,3D-28,Bio Pharma,not provided,detail.php?exid=CF22172479&sidSuffix=s20260203221243470&previous=,JAPAN,JP,jp,https://flagcdn.com/w40/jp.png,Asia
Shonan Health Innovation Park,Bio Pharma,3D-28,Bio Pharma,not provided,detail.php?exid=CF22172479&sidSuffix=s20260203221243470&previous=,JAPAN,JP,jp,https://flagcdn.com/w40/jp.png,Asia
Shonan Health Innovation Park,Bio Pharma,3D-28,Bio Pharma,not provided,detail.php?exid=CF22172479&sidSuffix=s20260203221243470&previous=,JAPAN,JP,jp,https://flagcdn.com/w40/jp.png,Asia
"SHOUGUANG FUKANG PHARMACEUTICAL CO.,LTD.",Ingredients,3C-35,Ingredients,not provided,detail.php?exid=C19176514&sidSuffix=s20260203221243470&previous=,CHINA,CN,cn,https://flagcdn.com/w40/cn.png,Asia
"Shouguang Nuomeng Chemical Co., Ltd.",Ingredients,2K-34,Ingredients,not provided,detail.php?exid=CF24173583&sidSuffix=s20260203221243470&previous=,CHINA,CN,cn,https://flagcdn.com/w40/cn.png,Asia
SHREE GANESH REMEDIES LTD,Ingredients,1J-02,Ingredients,not provided,detail.php?exid=CF23194242&sidSuffix=s20260203221243470&previous=,INDIA,IN,in,https://flagcdn.com/w40/in.png,Asia
"Sichuan Elixir Pharmaceutical Co., Ltd.",Bio Pharma,3G-29,Bio Pharma,7-Ethyl-10-hydroxycamptothecin,detail.php?exid=C14016796&sidSuffix=s20260203221243470&previous=,CHINA,CN,cn,https://flagcdn.com/w40/cn.png,Asia
"Sichuan Elixir Pharmaceutical Co., Ltd.",Bio Pharma,3G-29,Bio Pharma,Birch Triterpenes,detail.php?exid=C14016796&sidSuffix=s20260203221243470&previous=,CHINA,CN,cn,https://flagcdn.com/w40/cn.png,Asia
"Sichuan Elixir Pharmaceutical Co., Ltd.",Bio Pharma,3G-29,Bio Pharma,Cabozantinib,detail.php?exid=C14016796&sidSuffix=s20260203221243470&previous=,CHINA,CN,cn,https://flagcdn.com/w40/cn.png,Asia
"Sichuan Elixir Pharmaceutical Co., Ltd.",Bio Pharma,3G-29,Bio Pharma,Cytisine,detail.php?exid=C14016796&sidSuffix=s20260203221243470&previous=,CHINA,CN,cn,https://flagcdn.com/w40/cn.png,Asia
"Sichuan Elixir Pharmaceutical Co., Ltd.",Bio Pharma,3G-29,Bio Pharma,Resmetirom,detail.php?exid=C14016796&sidSuffix=s20260203221243470&previous=,CHINA,CN,cn,https://flagcdn.com/w40/cn.png,Asia
"Sichuan Qingmu Pharmaceutical Co., Ltd.",Outsourcing,1C-45,Outsourcing,not provided,detail.php?exid=CF21143135&sidSuffix=s20260203221243470&previous=,CHINA,CN,cn,https://flagcdn.com/w40/cn.png,Asia
Sichuan Shifang Sangao Biochemical Industrial,Bio Pharma,3F-05,Bio Pharma,not provided,detail.php?exid=CF24142797&sidSuffix=s20260203221243470&previous=,CHINA,CN,cn,https://flagcdn.com/w40/cn.png,Asia
"Sichuan Tiandao Pharmaceutical Co.,Ltd",Ingredients,3B-34,Ingredients,not provided,detail.php?exid=CF26114352&sidSuffix=s20260203221243470&previous=,CHINA,CN,cn,https://flagcdn.com/w40/cn.png,Asia
"Sichuan Xieli Pharmaceutical Co., Ltd.",Ingredients,2K-17,Ingredients,not provided,detail.php?exid=CF25198664&sidSuffix=s20260203221243470&previous=,CHINA,CN,cn,https://flagcdn.com/w40/cn.png,Asia
"SINOBRIGHT IMPORT&EXPORT CO.,LTD.",Ingredients,3C-16,Ingredients,not provided,detail.php?exid=CF25174617&sidSuffix=s20260203221243470&previous=,CHINA,CN,cn,https://flagcdn.com/w40/cn.png,Asia
"Sinochem International Advanced Materials (Hebei) Co., Ltd.",Outsourcing,1B-48,Outsourcing,not provided,detail.php?exid=CF24199745&sidSuffix=s20260203221243470&previous=,CHINA,CN,cn,https://flagcdn.com/w40/cn.png,Asia
SINOCHEM PHARMACEUTICAL CO LTD,Outsourcing,2B-26,Outsourcing,not provided,detail.php?exid=C14018465&sidSuffix=s20260203221243470&previous=,CHINA,CN,cn,https://flagcdn.com/w40/cn.png,Asia
Sinocompound Catalysts,Outsourcing,1B-42,Outsourcing,not provided,detail.php?exid=C14105004&sidSuffix=s20260203221243470&previous=,CHINA,CN,cn,https://flagcdn.com/w40/cn.png,Asia
Sinocompound Catalysts,Outsourcing,1B-42,Outsourcing,not provided,detail.php?exid=C14105004&sidSuffix=s20260203221243470&previous=,CHINA,CN,cn,https://flagcdn.com/w40/cn.png,Asia
"Sinoway Industrial Co., Ltd.",Ingredients,2D-34,Ingredients,not provided,detail.php?exid=C15147274&sidSuffix=s20260203221243470&previous=,CHINA,CN,cn,https://flagcdn.com/w40/cn.png,Asia
"Sinoway Industrial Co., Ltd.",Ingredients,2D-34,Ingredients,not provided,detail.php?exid=C15147274&sidSuffix=s20260203221243470&previous=,CHINA,CN,cn,https://flagcdn.com/w40/cn.png,Asia
"Sogo Pharmaceutical Co.,Ltd.",Ingredients,2G-37,Ingredients,not provided,detail.php?exid=CF26199028&sidSuffix=s20260203221243470&previous=,JAPAN,JP,jp,https://flagcdn.com/w40/jp.png,Asia
Solara Active Pharma Sciences,Ingredients,1H-08,Ingredients,not provided,detail.php?exid=CF23162972&sidSuffix=s20260203221243470&previous=,INDIA,IN,in,https://flagcdn.com/w40/in.png,Asia
Solara Active Pharma Sciences,Ingredients,1H-08,Ingredients,not provided,detail.php?exid=CF23162972&sidSuffix=s20260203221243470&previous=,INDIA,IN,in,https://flagcdn.com/w40/in.png,Asia
SOMU ORGANO-CHEM PVT. LTD.,Ingredients,2C-24,Ingredients,not provided,detail.php?exid=CF26105651&sidSuffix=s20260203221243470&previous=,INDIA,IN,in,https://flagcdn.com/w40/in.png,Asia
Soneas - Uquifa Group,Ingredients,2E-10,Ingredients,not provided,detail.php?exid=C14019016&sidSuffix=s20260203221243470&previous=,HUNGARY,HU,hu,https://flagcdn.com/w40/hu.png,Europe
Soneas - Uquifa Group,Ingredients,2E-10,Ingredients,not provided,detail.php?exid=C14019016&sidSuffix=s20260203221243470&previous=,HUNGARY,HU,hu,https://flagcdn.com/w40/hu.png,Europe
Soneas - Uquifa Group,Ingredients,2E-10,Ingredients,not provided,detail.php?exid=C14019016&sidSuffix=s20260203221243470&previous=,HUNGARY,HU,hu,https://flagcdn.com/w40/hu.png,Europe
SPECTRUM INFO LLC,Ingredients,3A-10,Ingredients,not provided,detail.php?exid=C14013688&sidSuffix=s20260203221243470&previous=,JAPAN,JP,jp,https://flagcdn.com/w40/jp.png,Asia
SPECTRUM INFO LLC,Ingredients,3A-10,Ingredients,not provided,detail.php?exid=C14013688&sidSuffix=s20260203221243470&previous=,JAPAN,JP,jp,https://flagcdn.com/w40/jp.png,Asia
SPECTRUM INFO LLC,Ingredients,3A-10,Ingredients,not provided,detail.php?exid=C14013688&sidSuffix=s20260203221243470&previous=,JAPAN,JP,jp,https://flagcdn.com/w40/jp.png,Asia
SPECTRUM INFO LLC,Ingredients,3A-10,Ingredients,not provided,detail.php?exid=CF23166808&sidSuffix=s20260203221243470&previous=,RUSSIAN FEDERATION,RU,ru,https://flagcdn.com/w40/ru.png,Europe
SPECTRUM INFO LLC,Ingredients,3A-10,Ingredients,not provided,detail.php?exid=CF23166808&sidSuffix=s20260203221243470&previous=,RUSSIAN FEDERATION,RU,ru,https://flagcdn.com/w40/ru.png,Europe
SPECTRUM INFO LLC,Ingredients,3A-10,Ingredients,not provided,detail.php?exid=CF24122085&sidSuffix=s20260203221243470&previous=,DENMARK,DK,dk,https://flagcdn.com/w40/dk.png,Europe
SPECTRUM INFO LLC,Ingredients,3A-10,Ingredients,not provided,detail.php?exid=CF24122085&sidSuffix=s20260203221243470&previous=,DENMARK,DK,dk,https://flagcdn.com/w40/dk.png,Europe
SPECTRUM INFO LLC,Ingredients,3A-10,Ingredients,not provided,detail.php?exid=CF24122085&sidSuffix=s20260203221243470&previous=,DENMARK,DK,dk,https://flagcdn.com/w40/dk.png,Europe
SPECTRUM INFO LLC,Ingredients,3A-10,Ingredients,not provided,detail.php?exid=CF21165656&sidSuffix=s20260203221243470&previous=,INDIA,IN,in,https://flagcdn.com/w40/in.png,Asia
SPECTRUM INFO LLC,Ingredients,3A-10,Ingredients,not provided,detail.php?exid=C14177207&sidSuffix=s20260203221243470&previous=,USA,US,us,https://flagcdn.com/w40/us.png,North America
"SPERA NEXUS, Inc",Ingredients,2F-36,Ingredients,not provided,detail.php?exid=CF22122729&sidSuffix=s20260203221243470&previous=,JAPAN,JP,jp,https://flagcdn.com/w40/jp.png,Asia
"SPERA NEXUS, Inc",Ingredients,2F-36,Ingredients,not provided,detail.php?exid=CF22122729&sidSuffix=s20260203221243470&previous=,JAPAN,JP,jp,https://flagcdn.com/w40/jp.png,Asia
"SPERA NEXUS, Inc",Ingredients,2F-36,Ingredients,not provided,detail.php?exid=CF22122729&sidSuffix=s20260203221243470&previous=,JAPAN,JP,jp,https://flagcdn.com/w40/jp.png,Asia
"SPERA PHARMA, Inc.",Outsourcing,1A-41,Outsourcing,Cmc R & D Of Pharmaceuticals,detail.php?exid=C18104469&sidSuffix=s20260203221243470&previous=,JAPAN,JP,jp,https://flagcdn.com/w40/jp.png,Asia
"SPERA PHARMA, Inc.",Outsourcing,1A-41,Outsourcing,Cmc R & D Of Pharmaceuticals,detail.php?exid=C18104469&sidSuffix=s20260203221243470&previous=,JAPAN,JP,jp,https://flagcdn.com/w40/jp.png,Asia
"SPERA PHARMA, Inc.",Outsourcing,1A-41,Outsourcing,Cmc R & D Of Pharmaceuticals,detail.php?exid=C18104469&sidSuffix=s20260203221243470&previous=,JAPAN,JP,jp,https://flagcdn.com/w40/jp.png,Asia
"Standard Chem. & Pharm Co., Ltd.",Ingredients,2A-10,Ingredients,not provided,detail.php?exid=C14016661&sidSuffix=s20260203221243470&previous=,TAIWAN,TW,tw,https://flagcdn.com/w40/tw.png,Asia
Sterling Pharma Solutions,Outsourcing,1D-35,Outsourcing,ADC development,detail.php?exid=CF24172411&sidSuffix=s20260203221243470&previous=,UNITED KINGDOM,GB,gb,https://flagcdn.com/w40/gb.png,Europe
Sterling Pharma Solutions,Outsourcing,1D-35,Outsourcing,ADC development,detail.php?exid=CF24172411&sidSuffix=s20260203221243470&previous=,UNITED KINGDOM,GB,gb,https://flagcdn.com/w40/gb.png,Europe
Sterling Pharma Solutions,Outsourcing,1D-35,Outsourcing,ADC development,detail.php?exid=CF24172411&sidSuffix=s20260203221243470&previous=,UNITED KINGDOM,GB,gb,https://flagcdn.com/w40/gb.png,Europe
Sterling Pharma Solutions,Outsourcing,1D-35,Outsourcing,ADC manufacturing,detail.php?exid=CF24172411&sidSuffix=s20260203221243470&previous=,UNITED KINGDOM,GB,gb,https://flagcdn.com/w40/gb.png,Europe
Sterling Pharma Solutions,Outsourcing,1D-35,Outsourcing,ADC manufacturing,detail.php?exid=CF24172411&sidSuffix=s20260203221243470&previous=,UNITED KINGDOM,GB,gb,https://flagcdn.com/w40/gb.png,Europe
Sterling Pharma Solutions,Outsourcing,1D-35,Outsourcing,ADC manufacturing,detail.php?exid=CF24172411&sidSuffix=s20260203221243470&previous=,UNITED KINGDOM,GB,gb,https://flagcdn.com/w40/gb.png,Europe
Sterling Pharma Solutions,Outsourcing,1D-35,Outsourcing,Chemistry Services,detail.php?exid=CF24172411&sidSuffix=s20260203221243470&previous=,UNITED KINGDOM,GB,gb,https://flagcdn.com/w40/gb.png,Europe
Sterling Pharma Solutions,Outsourcing,1D-35,Outsourcing,Chemistry Services,detail.php?exid=CF24172411&sidSuffix=s20260203221243470&previous=,UNITED KINGDOM,GB,gb,https://flagcdn.com/w40/gb.png,Europe
Sterling Pharma Solutions,Outsourcing,1D-35,Outsourcing,Chemistry Services,detail.php?exid=CF24172411&sidSuffix=s20260203221243470&previous=,UNITED KINGDOM,GB,gb,https://flagcdn.com/w40/gb.png,Europe
Sterling Pharma Solutions,Outsourcing,1D-35,Outsourcing,Small molecule API development,detail.php?exid=CF24172411&sidSuffix=s20260203221243470&previous=,UNITED KINGDOM,GB,gb,https://flagcdn.com/w40/gb.png,Europe
Sterling Pharma Solutions,Outsourcing,1D-35,Outsourcing,Small molecule API development,detail.php?exid=CF24172411&sidSuffix=s20260203221243470&previous=,UNITED KINGDOM,GB,gb,https://flagcdn.com/w40/gb.png,Europe
Sterling Pharma Solutions,Outsourcing,1D-35,Outsourcing,Small molecule API development,detail.php?exid=CF24172411&sidSuffix=s20260203221243470&previous=,UNITED KINGDOM,GB,gb,https://flagcdn.com/w40/gb.png,Europe
Sterling Pharma Solutions,Outsourcing,1D-35,Outsourcing,Small molecule API manufacturing,detail.php?exid=CF24172411&sidSuffix=s20260203221243470&previous=,UNITED KINGDOM,GB,gb,https://flagcdn.com/w40/gb.png,Europe
Sterling Pharma Solutions,Outsourcing,1D-35,Outsourcing,Small molecule API manufacturing,detail.php?exid=CF24172411&sidSuffix=s20260203221243470&previous=,UNITED KINGDOM,GB,gb,https://flagcdn.com/w40/gb.png,Europe
Sterling Pharma Solutions,Outsourcing,1D-35,Outsourcing,Small molecule API manufacturing,detail.php?exid=CF24172411&sidSuffix=s20260203221243470&previous=,UNITED KINGDOM,GB,gb,https://flagcdn.com/w40/gb.png,Europe
Sumitomo Corporation,Ingredients,2F-04,Ingredients,not provided,not provided,CHINA,CN,cn,https://flagcdn.com/w40/cn.png,Asia
Sumitomo Corporation,Ingredients,2F-04,Ingredients,not provided,not provided,CHINA,CN,cn,https://flagcdn.com/w40/cn.png,Asia
Sumitomo Corporation,Ingredients,2F-04,Ingredients,not provided,not provided,CANADA,CA,ca,https://flagcdn.com/w40/ca.png,North America
Sumitomo Corporation,Ingredients,2F-04,Ingredients,not provided,not provided,CHINA,CN,cn,https://flagcdn.com/w40/cn.png,Asia
Sumitomo Corporation,Ingredients,2F-04,Ingredients,not provided,not provided,CHINA,CN,cn,https://flagcdn.com/w40/cn.png,Asia
Sumitomo Corporation,Ingredients,2F-04,Ingredients,not provided,detail.php?exid=C14016233&sidSuffix=s20260203221243470&previous=,JAPAN,JP,jp,https://flagcdn.com/w40/jp.png,Asia
Sumitomo Corporation,Ingredients,2F-04,Ingredients,not provided,detail.php?exid=C14016287&sidSuffix=s20260203221243470&previous=,JAPAN,JP,jp,https://flagcdn.com/w40/jp.png,Asia
Summit Pharmaceuticals International Corporation,Ingredients,2F-04,Ingredients,not provided,not provided,CHINA,CN,cn,https://flagcdn.com/w40/cn.png,Asia
Summit Pharmaceuticals International Corporation,Ingredients,2F-04,Ingredients,not provided,not provided,CHINA,CN,cn,https://flagcdn.com/w40/cn.png,Asia
Summit Pharmaceuticals International Corporation,Ingredients,2F-04,Ingredients,not provided,not provided,CANADA,CA,ca,https://flagcdn.com/w40/ca.png,North America
Summit Pharmaceuticals International Corporation,Ingredients,2F-04,Ingredients,not provided,not provided,CHINA,CN,cn,https://flagcdn.com/w40/cn.png,Asia
Summit Pharmaceuticals International Corporation,Ingredients,2F-04,Ingredients,not provided,not provided,CHINA,CN,cn,https://flagcdn.com/w40/cn.png,Asia
Summit Pharmaceuticals International Corporation,Ingredients,2F-04,Ingredients,not provided,detail.php?exid=C14016233&sidSuffix=s20260203221243470&previous=,JAPAN,JP,jp,https://flagcdn.com/w40/jp.png,Asia
Summit Pharmaceuticals International Corporation,Ingredients,2F-04,Ingredients,not provided,detail.php?exid=C14016287&sidSuffix=s20260203221243470&previous=,JAPAN,JP,jp,https://flagcdn.com/w40/jp.png,Asia
"SUNCHEM CO., LTD.",Outsourcing,1A-03,Outsourcing,2-Chlorophenol,detail.php?exid=CF24183654&sidSuffix=s20260203221243470&previous=,CHINA,CN,cn,https://flagcdn.com/w40/cn.png,Asia
"SUNCHEM CO., LTD.",Outsourcing,1A-03,Outsourcing,2-Chlorophenol,detail.php?exid=CF24183654&sidSuffix=s20260203221243470&previous=,CHINA,CN,cn,https://flagcdn.com/w40/cn.png,Asia
"SUNCHEM CO., LTD.",Outsourcing,1A-03,Outsourcing,2-Chlorophenol,detail.php?exid=CF24183654&sidSuffix=s20260203221243470&previous=,CHINA,CN,cn,https://flagcdn.com/w40/cn.png,Asia
"SUNCHEM CO., LTD.",Outsourcing,1A-03,Outsourcing,Acetic anhydride,detail.php?exid=CF24183654&sidSuffix=s20260203221243470&previous=,CHINA,CN,cn,https://flagcdn.com/w40/cn.png,Asia
"SUNCHEM CO., LTD.",Outsourcing,1A-03,Outsourcing,Acetic anhydride,detail.php?exid=CF24183654&sidSuffix=s20260203221243470&previous=,CHINA,CN,cn,https://flagcdn.com/w40/cn.png,Asia
"SUNCHEM CO., LTD.",Outsourcing,1A-03,Outsourcing,Acetic anhydride,detail.php?exid=CF24183654&sidSuffix=s20260203221243470&previous=,CHINA,CN,cn,https://flagcdn.com/w40/cn.png,Asia
"SUNCHEM CO., LTD.",Outsourcing,1A-03,Outsourcing,Diethyl ether,detail.php?exid=CF24183654&sidSuffix=s20260203221243470&previous=,CHINA,CN,cn,https://flagcdn.com/w40/cn.png,Asia
"SUNCHEM CO., LTD.",Outsourcing,1A-03,Outsourcing,Diethyl ether,detail.php?exid=CF24183654&sidSuffix=s20260203221243470&previous=,CHINA,CN,cn,https://flagcdn.com/w40/cn.png,Asia
"SUNCHEM CO., LTD.",Outsourcing,1A-03,Outsourcing,Diethyl ether,detail.php?exid=CF24183654&sidSuffix=s20260203221243470&previous=,CHINA,CN,cn,https://flagcdn.com/w40/cn.png,Asia
"SUNCHEM CO., LTD.",Outsourcing,1A-03,Outsourcing,Furfural,detail.php?exid=CF24183654&sidSuffix=s20260203221243470&previous=,CHINA,CN,cn,https://flagcdn.com/w40/cn.png,Asia
"SUNCHEM CO., LTD.",Outsourcing,1A-03,Outsourcing,Furfural,detail.php?exid=CF24183654&sidSuffix=s20260203221243470&previous=,CHINA,CN,cn,https://flagcdn.com/w40/cn.png,Asia
"SUNCHEM CO., LTD.",Outsourcing,1A-03,Outsourcing,Furfural,detail.php?exid=CF24183654&sidSuffix=s20260203221243470&previous=,CHINA,CN,cn,https://flagcdn.com/w40/cn.png,Asia
"SUNCHEM CO., LTD.",Outsourcing,1A-03,Outsourcing,TERT-BUTYLISOCYANATE,detail.php?exid=CF24183654&sidSuffix=s20260203221243470&previous=,CHINA,CN,cn,https://flagcdn.com/w40/cn.png,Asia
"SUNCHEM CO., LTD.",Outsourcing,1A-03,Outsourcing,TERT-BUTYLISOCYANATE,detail.php?exid=CF24183654&sidSuffix=s20260203221243470&previous=,CHINA,CN,cn,https://flagcdn.com/w40/cn.png,Asia
"SUNCHEM CO., LTD.",Outsourcing,1A-03,Outsourcing,TERT-BUTYLISOCYANATE,detail.php?exid=CF24183654&sidSuffix=s20260203221243470&previous=,CHINA,CN,cn,https://flagcdn.com/w40/cn.png,Asia
"SunFlare Co.,Ltd.",Outsourcing,1A-43,Outsourcing,not provided,detail.php?exid=CF22173550&sidSuffix=s20260203221243470&previous=,JAPAN,JP,jp,https://flagcdn.com/w40/jp.png,Asia
Supriya Lifescience Ltd.,Outsourcing,1A-04,Outsourcing,not provided,detail.php?exid=CF25194464&sidSuffix=s20260203221243470&previous=,INDIA,IN,in,https://flagcdn.com/w40/in.png,Asia
Supriya Lifescience Ltd.,Outsourcing,1A-04,Outsourcing,not provided,detail.php?exid=CF25194464&sidSuffix=s20260203221243470&previous=,INDIA,IN,in,https://flagcdn.com/w40/in.png,Asia
"SUZHOU EVERFORTUNE CO., LTD.",Ingredients,1C-05,Ingredients,not provided,detail.php?exid=CF24197693&sidSuffix=s20260203221243470&previous=,CHINA,CN,cn,https://flagcdn.com/w40/cn.png,Asia
"Suzhou Highfine Biotech Co., Ltd",Ingredients,2J-23,Ingredients,not provided,detail.php?exid=C19134383&sidSuffix=s20260203221243470&previous=,CHINA,CN,cn,https://flagcdn.com/w40/cn.png,Asia
Swati Spentose Pvt Ltd,Ingredients,2F-25,Ingredients,not provided,detail.php?exid=CF23193885&sidSuffix=s20260203221243470&previous=,INDIA,IN,in,https://flagcdn.com/w40/in.png,Asia
Swati Spentose Pvt Ltd,Ingredients,2F-25,Ingredients,not provided,detail.php?exid=CF23193885&sidSuffix=s20260203221243470&previous=,INDIA,IN,in,https://flagcdn.com/w40/in.png,Asia
Swati Spentose Pvt Ltd,Ingredients,2F-25,Ingredients,not provided,detail.php?exid=CF23193885&sidSuffix=s20260203221243470&previous=,INDIA,IN,in,https://flagcdn.com/w40/in.png,Asia
Symbiotec Pharmalab Pvt. Ltd,Ingredients,2A-08,Ingredients,not provided,detail.php?exid=CF23115317&sidSuffix=s20260203221243470&previous=,INDIA,IN,in,https://flagcdn.com/w40/in.png,Asia
Symbiotec Pharmalab Pvt. Ltd,Ingredients,2A-08,Ingredients,not provided,detail.php?exid=CF23115317&sidSuffix=s20260203221243470&previous=,INDIA,IN,in,https://flagcdn.com/w40/in.png,Asia
Syngene International Ltd,Outsourcing,1G-36,Outsourcing,not provided,detail.php?exid=C15117107&sidSuffix=s20260203221243470&previous=,INDIA,IN,in,https://flagcdn.com/w40/in.png,Asia
Syngene International Ltd,Outsourcing,1G-36,Outsourcing,not provided,detail.php?exid=C15117107&sidSuffix=s20260203221243470&previous=,INDIA,IN,in,https://flagcdn.com/w40/in.png,Asia
Syngene International Ltd,Outsourcing,1G-36,Outsourcing,not provided,detail.php?exid=C15117107&sidSuffix=s20260203221243470&previous=,INDIA,IN,in,https://flagcdn.com/w40/in.png,Asia
SynSmart Rasayan Research Pvt Ltd,Outsourcing,1D-46,Outsourcing,not provided,detail.php?exid=CF26143646&sidSuffix=s20260203221243470&previous=,INDIA,IN,in,https://flagcdn.com/w40/in.png,Asia
SYNTHIMED LABS,Ingredients,3C-41,Ingredients,not provided,detail.php?exid=C14017300&sidSuffix=s20260203221243470&previous=,INDIA,IN,in,https://flagcdn.com/w40/in.png,Asia
"Taihei Chemical Industrial Co., Ltd.",Ingredients,3J-37,Ingredients,not provided,detail.php?exid=CF25148856&sidSuffix=s20260203221243470&previous=,JAPAN,JP,jp,https://flagcdn.com/w40/jp.png,Asia
Taiwan Pharmaceutical Alliance,Ingredients,2J-04,Ingredients,not provided,detail.php?exid=CF22157803&sidSuffix=s20260203221243470&previous=,TAIWAN,TW,tw,https://flagcdn.com/w40/tw.png,Asia
TAPI Japan Ltd.,Ingredients,2D-04,Ingredients,not provided,detail.php?exid=C14017296&sidSuffix=s20260203221243470&previous=,JAPAN,JP,jp,https://flagcdn.com/w40/jp.png,Asia
TAPI Japan Ltd.,Ingredients,2D-04,Ingredients,not provided,detail.php?exid=C14017296&sidSuffix=s20260203221243470&previous=,JAPAN,JP,jp,https://flagcdn.com/w40/jp.png,Asia
"Tateyama Kasei Co.,Ltd.",Ingredients,1G-04,Ingredients,not provided,detail.php?exid=C14016526&sidSuffix=s20260203221243470&previous=,JAPAN,JP,jp,https://flagcdn.com/w40/jp.png,Asia
TCG LIFESCIENCES PRIVATE LIMITED,Outsourcing,1C-25,Outsourcing,not provided,detail.php?exid=CF26116875&sidSuffix=s20260203221243470&previous=,INDIA,IN,in,https://flagcdn.com/w40/in.png,Asia
Testo K.K.,Bio Pharma,3E-27,Bio Pharma,not provided,detail.php?exid=CF26161775&sidSuffix=s20260203221243470&previous=,JAPAN,JP,jp,https://flagcdn.com/w40/jp.png,Asia
The Chemical Society of Japan,Ingredients,3C-49,Ingredients,not provided,not provided,JAPAN,JP,jp,https://flagcdn.com/w40/jp.png,Asia
Thermo Fisher Scientific,Bio Pharma,3F-12,Bio Pharma,not provided,detail.php?exid=CF24172734&sidSuffix=s20260203221243470&previous=,USA,US,us,https://flagcdn.com/w40/us.png,North America
TIANJIN FOREVER RICH SCIENCE & TECHNOLOGY,Ingredients,3B-29,Ingredients,not provided,detail.php?exid=CF26119243&sidSuffix=s20260203221243470&previous=,CHINA,CN,cn,https://flagcdn.com/w40/cn.png,Asia
"TOKIWA PHYTOCHEMICAL CO.,LTD.",Outsourcing,3C-10,Outsourcing,not provided,detail.php?exid=CF25138764&sidSuffix=s20260203221243470&previous=,JAPAN,JP,jp,https://flagcdn.com/w40/jp.png,Asia
"Topharman Shanghai Co., Ltd.",Ingredients,2J-18,Ingredients,not provided,detail.php?exid=CF24137009&sidSuffix=s20260203221243470&previous=,CHINA,CN,cn,https://flagcdn.com/w40/cn.png,Asia
"TOSCO CO., LTD.",Ingredients,1F-02,Ingredients,not provided,detail.php?exid=CF21157092&sidSuffix=s20260203221243470&previous=,JAPAN,JP,jp,https://flagcdn.com/w40/jp.png,Asia
"TOSCO CO., LTD.",Ingredients,1F-02,Ingredients,not provided,detail.php?exid=CF21157092&sidSuffix=s20260203221243470&previous=,JAPAN,JP,jp,https://flagcdn.com/w40/jp.png,Asia
"TOSCO CO., LTD.",Ingredients,1F-02,Ingredients,not provided,detail.php?exid=CF21157092&sidSuffix=s20260203221243470&previous=,JAPAN,JP,jp,https://flagcdn.com/w40/jp.png,Asia
"TOYOCHEM CO.,LTD",Bio Pharma,3H-22,Bio Pharma,not provided,detail.php?exid=C18136106&sidSuffix=s20260203221243470&previous=,JAPAN,JP,jp,https://flagcdn.com/w40/jp.png,Asia
TRIFARMA,Ingredients,IT-05,Ingredients,not provided,detail.php?exid=CF23143189&sidSuffix=s20260203221243470&previous=,ITALY,IT,it,https://flagcdn.com/w40/it.png,Europe
"Trustchem Co., Ltd.",Ingredients,2K-37,Ingredients,not provided,detail.php?exid=C14017335&sidSuffix=s20260203221243470&previous=,CHINA,CN,cn,https://flagcdn.com/w40/cn.png,Asia
TSK Laboratory International Japan k. k.,Bio Pharma,3F-09,Bio Pharma,not provided,detail.php?exid=CF26160803&sidSuffix=s20260203221243470&previous=,JAPAN,JP,jp,https://flagcdn.com/w40/jp.png,Asia
UAB INKOM EUROPE,Bio Pharma,3G-04,Bio Pharma,not provided,not provided,LITHUANIA,LT,lt,https://flagcdn.com/w40/lt.png,Europe
UBE Corporation,Ingredients,2E-22,Ingredients,not provided,detail.php?exid=C14016491&sidSuffix=s20260203221243470&previous=,JAPAN,JP,jp,https://flagcdn.com/w40/jp.png,Asia
Unchained Labs,Bio Pharma,3G-12,Bio Pharma,not provided,detail.php?exid=CF22183344&sidSuffix=s20260203221243470&previous=,JAPAN,JP,jp,https://flagcdn.com/w40/jp.png,Asia
Unchained Labs,Bio Pharma,3G-12,Bio Pharma,not provided,detail.php?exid=CF22183344&sidSuffix=s20260203221243470&previous=,JAPAN,JP,jp,https://flagcdn.com/w40/jp.png,Asia
Unchained Labs,Bio Pharma,3G-12,Bio Pharma,not provided,detail.php?exid=CF22183344&sidSuffix=s20260203221243470&previous=,JAPAN,JP,jp,https://flagcdn.com/w40/jp.png,Asia
Usino Company Limited,Ingredients,2B-28,Ingredients,not provided,detail.php?exid=C20122983&sidSuffix=s20260203221243470&previous=,CHINA,CN,cn,https://flagcdn.com/w40/cn.png,Asia
"Valiant Co., Ltd",Ingredients,1G-42,Ingredients,not provided,detail.php?exid=CF24156585&sidSuffix=s20260203221243470&previous=,CHINA,CN,cn,https://flagcdn.com/w40/cn.png,Asia
Veranova,Outsourcing,3B-03,Outsourcing,not provided,detail.php?exid=CF24157355&sidSuffix=s20260203221243470&previous=,USA,US,us,https://flagcdn.com/w40/us.png,North America
Veranova,Outsourcing,3B-03,Outsourcing,not provided,detail.php?exid=CF24157355&sidSuffix=s20260203221243470&previous=,USA,US,us,https://flagcdn.com/w40/us.png,North America
"Wai Fat Pharma. Co., Ltd. (HK)",Ingredients,2B-46,Ingredients,not provided,detail.php?exid=CF25142509&sidSuffix=s20260203221243470&previous=,HONG KONG,HK,hk,https://flagcdn.com/w40/hk.png,Asia
"Watahan Trading Co., Ltd.",Ingredients,1C-46,Ingredients,not provided,detail.php?exid=CF26181553&sidSuffix=s20260203221243470&previous=,JAPAN,JP,jp,https://flagcdn.com/w40/jp.png,Asia
"WATANABE CHEMICAL INDUSTRIES, LTD.",Outsourcing,1B-47,Outsourcing,not provided,detail.php?exid=CF26139303&sidSuffix=s20260203221243470&previous=,JAPAN,JP,jp,https://flagcdn.com/w40/jp.png,Asia
"WATANABE CHEMICAL INDUSTRIES, LTD.",Outsourcing,1B-47,Outsourcing,not provided,detail.php?exid=CF26105849&sidSuffix=s20260203221243470&previous=,JAPAN,JP,jp,https://flagcdn.com/w40/jp.png,Asia
"Weifang Shengtai Medicine Co.,Ltd",Ingredients,2J-29,Ingredients,not provided,detail.php?exid=C20145704&sidSuffix=s20260203221243470&previous=,CHINA,CN,cn,https://flagcdn.com/w40/cn.png,Asia
"Weihai CanRong Import & Export Co.,Ltd.",Ingredients,2D-42,Ingredients,not provided,detail.php?exid=CF23139250&sidSuffix=s20260203221243470&previous=,CHINA,CN,cn,https://flagcdn.com/w40/cn.png,Asia
"Weihai Hanmi Biochem Co., Ltd.",Ingredients,2K-36,Ingredients,not provided,detail.php?exid=CF26105590&sidSuffix=s20260203221243470&previous=,CHINA,CN,cn,https://flagcdn.com/w40/cn.png,Asia
"WEIHAI HOPING INDUSTRY CO., LTD.",Ingredients,2H-36,Ingredients,not provided,detail.php?exid=CF24198015&sidSuffix=s20260203221243470&previous=,CHINA,CN,cn,https://flagcdn.com/w40/cn.png,Asia
"WEIHAI HOPING INDUSTRY CO., LTD.",Ingredients,2H-36,Ingredients,not provided,detail.php?exid=CF24198015&sidSuffix=s20260203221243470&previous=,CHINA,CN,cn,https://flagcdn.com/w40/cn.png,Asia
Whale Corporation,Bio Pharma,0.00000003,Bio Pharma,not provided,detail.php?exid=CF24121885&sidSuffix=s20260203221243470&previous=,JAPAN,JP,jp,https://flagcdn.com/w40/jp.png,Asia
Willowood Chemicals Ltd,Outsourcing,1B-25,Outsourcing,not provided,detail.php?exid=CF25104711&sidSuffix=s20260203221243470&previous=,INDIA,IN,in,https://flagcdn.com/w40/in.png,Asia
Willowood Chemicals Ltd,Outsourcing,1B-25,Outsourcing,not provided,detail.php?exid=CF25104711&sidSuffix=s20260203221243470&previous=,INDIA,IN,in,https://flagcdn.com/w40/in.png,Asia
"Wisdom Pharmaceutical Co.,Ltd.",Outsourcing,1C-49,Outsourcing,not provided,detail.php?exid=C14018933&sidSuffix=s20260203221243470&previous=,TAIWAN,TW,tw,https://flagcdn.com/w40/tw.png,Asia
"WuXi AppTec Japan Co., Ltd.",Outsourcing,1A-07,Outsourcing,not provided,detail.php?exid=CF23108978&sidSuffix=s20260203221243470&previous=,JAPAN,JP,jp,https://flagcdn.com/w40/jp.png,Asia
"Wuxi Jinghai Amino Acid Co.,Ltd",Ingredients,2H-28,Ingredients,not provided,detail.php?exid=C19150750&sidSuffix=s20260203221243470&previous=,CHINA,CN,cn,https://flagcdn.com/w40/cn.png,Asia
WuXi XDC,Outsourcing,1C-36,Outsourcing,not provided,detail.php?exid=CF24138925&sidSuffix=s20260203221243470&previous=,CHINA,CN,cn,https://flagcdn.com/w40/cn.png,Asia
"Xi'an Advance Chemistry New Material Co., Ltd",Ingredients,2C-47,Ingredients,not provided,detail.php?exid=CF25159349&sidSuffix=s20260203221243470&previous=,CHINA,CN,cn,https://flagcdn.com/w40/cn.png,Asia
"Xi'an Guokang Ruijin Pharmaceutical Co.,Ltd.",Ingredients,1F-44,Ingredients,not provided,detail.php?exid=CF26138206&sidSuffix=s20260203221243470&previous=,CHINA,CN,cn,https://flagcdn.com/w40/cn.png,Asia
"Xiamen Origin Biotech Co., Ltd.",Ingredients,6F-11,Ingredients,not provided,detail.php?exid=CF25139014&sidSuffix=s20260203221243470&previous=,CHINA,CN,cn,https://flagcdn.com/w40/cn.png,Asia
"Yakuji Nippo, LTD.",Ingredients,3F-01,Ingredients,not provided,detail.php?exid=CF22115083&sidSuffix=s20260203221243470&previous=,JAPAN,JP,jp,https://flagcdn.com/w40/jp.png,Asia
YAMASA CORPORATION,Ingredients,2G-27,Ingredients,not provided,detail.php?exid=C16157444&sidSuffix=s20260203221243470&previous=,JAPAN,JP,jp,https://flagcdn.com/w40/jp.png,Asia
"Yangling JITAI Pharmaceutical Co.,Ltd.",Ingredients,1E-48,Ingredients,not provided,detail.php?exid=CF26126982&sidSuffix=s20260203221243470&previous=,CHINA,CN,cn,https://flagcdn.com/w40/cn.png,Asia
Yangtze River Pharmaceutical Group Sichuan Hairong,Bio Pharma,3F-26,Bio Pharma,not provided,detail.php?exid=CF26199001&sidSuffix=s20260203221243470&previous=,CHINA,CN,cn,https://flagcdn.com/w40/cn.png,Asia
"Yangzhou Chemical Co.,Ltd.",Outsourcing,1A-05,Outsourcing,not provided,detail.php?exid=C15159143&sidSuffix=s20260203221243470&previous=,CHINA,CN,cn,https://flagcdn.com/w40/cn.png,Asia
"YANGZHOU HENGCHUAN CHEMICAL CO.,LTD.",Outsourcing,1B-07,Outsourcing,not provided,detail.php?exid=C14144429&sidSuffix=s20260203221243470&previous=,CHINA,CN,cn,https://flagcdn.com/w40/cn.png,Asia
"Yantai Xianhua Technology Group Co., Ltd.",Ingredients,2J-20,Ingredients,not provided,detail.php?exid=C14018813&sidSuffix=s20260203221243470&previous=,CHINA,CN,cn,https://flagcdn.com/w40/cn.png,Asia
"YMC CO., LTD.",Bio Pharma,3E-22,Bio Pharma,not provided,detail.php?exid=C19153926&sidSuffix=s20260203221243470&previous=,JAPAN,JP,jp,https://flagcdn.com/w40/jp.png,Asia
"YMC CO., LTD.",Bio Pharma,3E-22,Bio Pharma,not provided,detail.php?exid=C19153926&sidSuffix=s20260203221243470&previous=,JAPAN,JP,jp,https://flagcdn.com/w40/jp.png,Asia
"YMC CO., LTD.",Bio Pharma,3E-22,Bio Pharma,not provided,detail.php?exid=C19153926&sidSuffix=s20260203221243470&previous=,JAPAN,JP,jp,https://flagcdn.com/w40/jp.png,Asia
"YUKI GOSEI KOGYO CO., LTD.",Ingredients,2G-21,Ingredients,not provided,detail.php?exid=C14016188&sidSuffix=s20260203221243470&previous=,JAPAN,JP,jp,https://flagcdn.com/w40/jp.png,Asia
"YUKI GOSEI KOGYO CO., LTD.",Ingredients,2G-21,Ingredients,not provided,detail.php?exid=C14016188&sidSuffix=s20260203221243470&previous=,JAPAN,JP,jp,https://flagcdn.com/w40/jp.png,Asia
"YUKI GOSEI KOGYO CO., LTD.",Ingredients,2G-21,Ingredients,not provided,detail.php?exid=C14016188&sidSuffix=s20260203221243470&previous=,JAPAN,JP,jp,https://flagcdn.com/w40/jp.png,Asia
"Yung Shin Pharm. Ind. Co., Ltd.",Ingredients,2B-09,Ingredients,not provided,detail.php?exid=C14017042&sidSuffix=s20260203221243470&previous=,TAIWAN,TW,tw,https://flagcdn.com/w40/tw.png,Asia
"Yung Shin Pharm. Ind. Co., Ltd.",Ingredients,2B-09,Ingredients,not provided,detail.php?exid=C14017042&sidSuffix=s20260203221243470&previous=,TAIWAN,TW,tw,https://flagcdn.com/w40/tw.png,Asia
Yungjin Pharm.,Ingredients,2C-40,Ingredients,not provided,detail.php?exid=CF26101698&sidSuffix=s20260203221243470&previous=,SOUTH KOREA,KR,kr,https://flagcdn.com/w40/kr.png,Asia
Yurui (Shanghai) Chemical Co. Ltd,Ingredients,3A-31,Ingredients,not provided,detail.php?exid=CF26155552&sidSuffix=s20260203221243470&previous=,CHINA,CN,cn,https://flagcdn.com/w40/cn.png,Asia
ZEON Corporation,Bio Pharma,0.003,Bio Pharma,not provided,detail.php?exid=C18185246&sidSuffix=s20260203221243470&previous=,JAPAN,JP,jp,https://flagcdn.com/w40/jp.png,Asia
"Zhejiang Ausun Pharmaceutical Co., Ltd.",Ingredients,2H-20,Ingredients,not provided,detail.php?exid=C15188290&sidSuffix=s20260203221243470&previous=,CHINA,CN,cn,https://flagcdn.com/w40/cn.png,Asia
"ZHEJIANG BAMBOO PHARMACEUTICALS CO.,LTD",Ingredients,1E-50,Ingredients,not provided,detail.php?exid=CF25129721&sidSuffix=s20260203221243470&previous=,CHINA,CN,cn,https://flagcdn.com/w40/cn.png,Asia
"Zhejiang East-Asia Pharmaceutical Co.,Ltd.",Ingredients,3B-23,Ingredients,not provided,detail.php?exid=CF25152832&sidSuffix=s20260203221243470&previous=,CHINA,CN,cn,https://flagcdn.com/w40/cn.png,Asia
"Zhejiang Eazy PharmChem Co.,Ltd.",Ingredients,1H-51,Ingredients,not provided,not provided,CHINA,CN,cn,https://flagcdn.com/w40/cn.png,Asia
"ZHEJIANG HAPPY CHEMICAL CO.,LTD.",Ingredients,2E-41,Ingredients,not provided,detail.php?exid=CF24164023&sidSuffix=s20260203221243470&previous=,CHINA,CN,cn,https://flagcdn.com/w40/cn.png,Asia
"Zhejiang Hengkang pharmaceutical Co., Ltd",Ingredients,2A-46,Ingredients,not provided,detail.php?exid=CF23140558&sidSuffix=s20260203221243470&previous=,CHINA,CN,cn,https://flagcdn.com/w40/cn.png,Asia
"Zhejiang Hengkang pharmaceutical Co., Ltd",Ingredients,2A-46,Ingredients,not provided,detail.php?exid=CF23140558&sidSuffix=s20260203221243470&previous=,CHINA,CN,cn,https://flagcdn.com/w40/cn.png,Asia
"ZHEJIANG HISOAR PHARMACEUTICAL CO.,LTD.",Ingredients,3A-16,Ingredients,not provided,detail.php?exid=CF23150646&sidSuffix=s20260203221243470&previous=,CHINA,CN,cn,https://flagcdn.com/w40/cn.png,Asia
"Zhejiang Hisun Pharmaceutical Co.,Ltd.",Outsourcing,1E-25,Outsourcing,not provided,detail.php?exid=CF23178190&sidSuffix=s20260203221243470&previous=,CHINA,CN,cn,https://flagcdn.com/w40/cn.png,Asia
"ZHEJIANG HUAYI PHARMACEUTICAL CO.,LTD.",Ingredients,3C-27,Ingredients,not provided,detail.php?exid=CF24126952&sidSuffix=s20260203221243470&previous=,CHINA,CN,cn,https://flagcdn.com/w40/cn.png,Asia
"Zhejiang Jiangbei Pharmaceutical co.,Ltd.",Ingredients,3B-21,Ingredients,not provided,detail.php?exid=CF23155526&sidSuffix=s20260203221243470&previous=,CHINA,CN,cn,https://flagcdn.com/w40/cn.png,Asia
"Zhejiang Jiuzhou Pharmaceutical Co., Ltd.",Ingredients,3C-04,Ingredients,not provided,detail.php?exid=CF24134346&sidSuffix=s20260203221243470&previous=,CHINA,CN,cn,https://flagcdn.com/w40/cn.png,Asia
"Zhejiang Langhua Pharmaceutical Co., Ltd.",Ingredients,3A-28,Ingredients,not provided,detail.php?exid=CF25171091&sidSuffix=s20260203221243470&previous=,CHINA,CN,cn,https://flagcdn.com/w40/cn.png,Asia
"Zhejiang Lepu Pharmaceutical Co.,Ltd",Ingredients,1C-12,Ingredients,not provided,detail.php?exid=C19134565&sidSuffix=s20260203221243470&previous=,CHINA,CN,cn,https://flagcdn.com/w40/cn.png,Asia
"Zhejiang Peptites Biotech Co., Ltd.",Ingredients,3C-05,Ingredients,not provided,detail.php?exid=C15135052&sidSuffix=s20260203221243470&previous=,CHINA,CN,cn,https://flagcdn.com/w40/cn.png,Asia
"Zhejiang Peptites Biotech Co., Ltd.",Ingredients,3C-05,Ingredients,not provided,detail.php?exid=C15135052&sidSuffix=s20260203221243470&previous=,CHINA,CN,cn,https://flagcdn.com/w40/cn.png,Asia
"ZHEJIANG RETRON BIOTECH CO.,LTD.",Ingredients,3B-33,Ingredients,not provided,detail.php?exid=CF26134348&sidSuffix=s20260203221243470&previous=,CHINA,CN,cn,https://flagcdn.com/w40/cn.png,Asia
ZHEJIANG RUIBANG LABORATORIES,Ingredients,1F-42,Ingredients,not provided,detail.php?exid=CF25188376&sidSuffix=s20260203221243470&previous=,CHINA,CN,cn,https://flagcdn.com/w40/cn.png,Asia
"ZHEJIANG SHENZHOU PHARMACEUTICAL Co., Ltd.",Ingredients,3C-32,Ingredients,not provided,detail.php?exid=CF24118233&sidSuffix=s20260203221243470&previous=,CHINA,CN,cn,https://flagcdn.com/w40/cn.png,Asia
"Zhejiang Tianyu Pharmaceutical Co., Ltd.",Ingredients,1D-03,Ingredients,not provided,detail.php?exid=C14018579&sidSuffix=s20260203221243470&previous=,CHINA,CN,cn,https://flagcdn.com/w40/cn.png,Asia
"Zhengzhou Freshliance Electronics Corp., Ltd.,",Outsourcing,1D-04,Outsourcing,not provided,detail.php?exid=CF26182069&sidSuffix=s20260203221243470&previous=,CHINA,CN,cn,https://flagcdn.com/w40/cn.png,Asia
"Zhontong Tech Co., Ltd.",Ingredients,3A-34,Ingredients,not provided,detail.php?exid=CF25193231&sidSuffix=s20260203221243470&previous=,CHINA,CN,cn,https://flagcdn.com/w40/cn.png,Asia
"Zhuhai Rundu Pharmaceutical Co., Ltd",Ingredients,2C-23,Ingredients,not provided,detail.php?exid=C16105783&sidSuffix=s20260203221243470&previous=,CHINA,CN,cn,https://flagcdn.com/w40/cn.png,Asia
"Zibo Qisu Environmental Protection Technology Co., Ltd.",Ingredients,2J-36,Ingredients,not provided,detail.php?exid=CF25103647&sidSuffix=s20260203221243470&previous=,CHINA,CN,cn,https://flagcdn.com/w40/cn.png,Asia
Zydus Lifesceiences Limited,Ingredients,2E-45,Ingredients,not provided,detail.php?exid=CF23121289&sidSuffix=s20260203221243470&previous=,INDIA,IN,in,https://flagcdn.com/w40/in.png,Asia
3xper Innoventure Limited,Outsourcing,2D-25,Outsourcing,not provided,detail.php?exid=CF24151393&sidSuffix=s20260203221243470&previous=,INDIA,IN,in,https://flagcdn.com/w40/in.png,Asia
